regime,style,option_type,label_noise,model,family,n_train,seed,fit_seconds,mae_usd,rmse_usd,max_usd,mae_inside_usd,mae_outside_usd,delta_mae,gamma_mae,pde_rms,boundary_mae_usd,boundary_missing,iv_mae_pts,iv_failed,viol_convex,viol_delta,viol_bound,viol_calendar
extrapolate,american,put,0.0,pinn_n2,pinn,0,0,145.49334769999996,2.3129473548349586,2.631338547481022,5.463287830352781,0.7795618701401894,2.548852814018769,,,,21.25,0.7777777777777778,7.970303217480394,0.0,0.2888888888888888,0.1688888888888889,0.0044444444444444,0.0
extrapolate,american,put,0.0,poly_ridge,ml,50,0,0.0029027000000496,179.6287214207019,378.625210004572,1406.5641943708847,0.0771008389531422,207.2520476640479,,,,8.375000000000002,0.1111111111111111,19.8672887266278,0.0952380952380952,0.7688888888888888,0.5511111111111111,0.5777777777777777,0.2444444444444444
extrapolate,american,put,0.0,kernel_ridge,ml,50,0,0.0963442000002032,9.90963883684987,16.759550831618817,71.58118685667884,0.0059619473653309,11.433281435232104,,,,6.388888888888886,0.0,0.3535567133099703,0.3333333333333333,0.4622222222222222,0.4355555555555555,0.4266666666666667,0.68
extrapolate,american,put,0.0,random_forest,ml,50,0,0.4221357999999782,3.811773579583104,7.707264385557068,25.69678114644477,0.3906892865654221,4.338094240047362,,,,5.611111111111108,0.0,3.0610748520572257,0.0,0.1244444444444444,0.0,0.24,0.0933333333333333
extrapolate,american,put,0.0,grad_boosting,ml,50,0,0.4597158999999919,3.834380343337545,7.770714826423683,26.14995582034956,0.5205452733446588,4.3442011233364495,,,,4.611111111111107,0.0,3.345522169575141,0.1428571428571428,0.1244444444444444,0.0,0.28,0.0533333333333333
extrapolate,american,put,0.0,mlp_tanh,dl,50,0,3.667681999999786,3.3212778574512782,4.487425624495634,12.820538282394413,0.1965506456429896,3.8020051208064,,,,2.8888888888888915,0.0,1.9427470336264687,0.0,0.5066666666666667,0.5111111111111111,0.2,0.0266666666666666
extrapolate,american,put,0.0,mlp_relu,dl,50,0,3.597941500000161,1.3211267305392655,2.7936227238177125,14.86061453819275,0.0880305674096331,1.5108338325592094,,,,3.277777777777773,0.0,1.0131383894279038,0.0,0.2888888888888888,0.0,0.5777777777777777,0.2355555555555555
extrapolate,american,put,0.0,resnet_silu,dl,50,0,5.538936899999953,5.016085100214028,8.073276641369313,28.405016660690308,0.0749137134419616,5.776265313563575,,,,2.3124999999999964,0.1111111111111111,1.136026965785666,0.0,0.0533333333333333,0.6711111111111111,0.08,0.7066666666666667
extrapolate,american,put,0.0,fourier_mlp,dl,50,0,3.3719985999996425,7.685476574557503,12.035148218728708,38.0465441942215,1.0963875091430153,8.699182584621271,,,,6.999999999999999,0.0,6.92007685748061,0.0952380952380952,0.4622222222222222,0.5022222222222222,0.28,0.4488888888888889
extrapolate,american,put,0.0,picnn,dl,50,0,11.291489499999898,5.028825934117874,8.742300239629794,39.738813638687134,0.2754623103401718,5.76011264546829,,,,1.999999999999998,0.3333333333333333,1.7169272414076606,0.1428571428571428,0.0,0.2222222222222222,0.4711111111111111,0.1733333333333333
extrapolate,american,put,0.0,bs_iv_net,dl,50,0,4.691051000000243,0.2050176607745527,0.5526747596961871,2.7873134613037087,0.0271933708737496,0.2323752438362147,,,,1.1111111111111107,0.0,0.2140099920760642,0.0,0.0977777777777777,0.1288888888888889,0.0577777777777777,0.1066666666666666
extrapolate,american,put,0.0,poly_ridge,ml,200,0,0.001481799999965,148.50054077111267,319.8123528142433,1266.5924369497873,0.0533644833252597,171.33856789231075,,,,1.3333333333333308,0.0,8.699970779635278,0.0952380952380952,0.8,0.5555555555555556,0.6577777777777778,0.2755555555555555
extrapolate,american,put,0.0,kernel_ridge,ml,200,0,0.1780877000001055,5.3715739272143495,9.390431940087094,36.10708644396908,0.0076351930660527,6.196795270929472,,,,4.33333333333333,0.0,1.4773107668912115,0.1904761904761904,0.4,0.3911111111111111,0.4755555555555555,0.68
extrapolate,american,put,0.0,random_forest,ml,200,0,0.4630580000002737,3.5743153988272365,7.5357372018570015,25.22366522403189,0.2437955920368272,4.086703061410376,,,,3.7222222222222174,0.0,2.57618393169714,0.0,0.04,0.0,0.24,0.0844444444444444
extrapolate,american,put,0.0,grad_boosting,ml,200,0,0.3632431999999426,3.830106020256778,7.9335407594009295,26.566359321943533,0.3932597108910566,4.358851606313044,,,,4.166666666666663,0.0,2.1620616780706707,0.0,0.0666666666666666,0.0044444444444444,0.24,0.1733333333333333
extrapolate,american,put,0.0,mlp_tanh,dl,200,0,3.989774699999998,2.5981427771326304,3.495748899075294,9.757443666458132,0.1728678228592029,2.971262000867004,,,,5.944444444444449,0.0,1.920340107654696,0.0,0.4355555555555555,0.4933333333333333,0.1688888888888889,0.04
extrapolate,american,put,0.0,mlp_relu,dl,200,0,3.9353250999997726,1.5410577135040202,3.082586412547452,14.279272556304932,0.0543075790298473,1.7697885034231242,,,,2.05555555555555,0.0,0.6878030256704417,0.0,0.2977777777777777,0.0,0.5466666666666666,0.2444444444444444
extrapolate,american,put,0.0,resnet_silu,dl,200,0,6.729014500000176,3.945059480802201,6.75477657897359,24.732640385627747,0.0789322152290419,4.5398482908903794,,,,0.750000000000002,0.1111111111111111,1.112780933435714,0.0,0.0577777777777777,0.6444444444444445,0.0844444444444444,0.7022222222222222
extrapolate,american,put,0.0,fourier_mlp,dl,200,0,4.000456499999928,7.528031104746351,11.607748279345213,35.73235958814621,0.3694242308984944,8.629355239184482,,,,6.2222222222222205,0.0,4.595027591435205,0.0952380952380952,0.4622222222222222,0.4666666666666667,0.2622222222222222,0.4133333333333333
extrapolate,american,put,0.0,picnn,dl,200,0,12.234236299999791,2.262623880634449,4.766310525272517,27.883694171905518,0.1660669145449707,2.585171106186676,,,,1.2142857142857122,0.2222222222222222,1.6090120816832425,0.0952380952380952,0.0,0.4311111111111111,0.2666666666666666,0.4444444444444444
extrapolate,american,put,0.0,bs_iv_net,dl,200,0,4.7558790999996745,0.2379859050941895,0.636758235227295,3.212640285491941,0.028944154945137,0.2701461743478899,,,,1.3888888888888864,0.0,0.22143791750581,0.0,0.0933333333333333,0.1377777777777777,0.0577777777777777,0.12
extrapolate,american,put,0.0,poly_ridge,ml,1000,0,0.0016884000001482,137.6201291582475,329.4944586356218,1747.8072581387703,0.0415198445746455,158.7860690526587,,,,0.944444444444438,0.0,1.045037454138973,0.0952380952380952,0.6711111111111111,0.5155555555555555,0.6755555555555556,0.1644444444444444
extrapolate,american,put,0.0,kernel_ridge,ml,1000,0,1.51853680000022,30.405010693179417,62.01338915720081,276.6131268461322,0.0043174403972067,35.08204042437668,,,,1.2222222222222197,0.0,3.359124648726348,0.0952380952380952,0.4844444444444444,0.5422222222222223,0.4933333333333333,0.3866666666666666
extrapolate,american,put,0.0,random_forest,ml,1000,0,0.3834455999999591,3.49183223702786,7.456694828189459,25.027487690044616,0.0850061636416174,4.015959325241128,,,,1.999999999999996,0.0,1.8019080529450664,0.0,0.0444444444444444,0.0,0.2,0.0266666666666666
extrapolate,american,put,0.0,grad_boosting,ml,1000,0,1.172702500000014,3.5434363831446367,7.529593186536661,25.31403315807463,0.1183569321842303,4.070371683292391,,,,2.1666666666666625,0.0,1.651330395736405,0.0,0.0488888888888888,0.0,0.24,0.0266666666666666
extrapolate,american,put,0.0,mlp_tanh,dl,1000,0,5.520594600000095,2.466405511644098,3.336310736680406,9.007581472396852,0.1634551318620792,2.820705570072101,,,,6.166666666666671,0.0,1.7652758163677755,0.0,0.4266666666666667,0.4977777777777777,0.1644444444444444,0.0711111111111111
extrapolate,american,put,0.0,mlp_relu,dl,1000,0,5.38119289999986,2.519249947341705,4.166667655916484,17.524432539939884,0.027641681642305,2.902574295910844,,,,2.055555555555557,0.0,0.8674135563757965,0.0,0.3111111111111111,0.4666666666666667,0.2133333333333333,0.0977777777777777
extrapolate,american,put,0.0,resnet_silu,dl,1000,0,10.05980580000005,3.7484034688223615,6.455379541539395,23.911869525909424,0.0770883312970121,4.313221182287801,,,,0.6250000000000006,0.1111111111111111,1.202860000974458,0.0,0.0666666666666666,0.6355555555555555,0.12,0.7111111111111111
extrapolate,american,put,0.0,fourier_mlp,dl,1000,0,6.49548569999979,7.356226672348018,11.342998911242324,36.0524208843708,0.0737333881773724,8.476610254528117,,,,5.222222222222221,0.0,2.939948901015708,0.0476190476190476,0.4044444444444444,0.4711111111111111,0.2577777777777778,0.3911111111111111
extrapolate,american,put,0.0,picnn,dl,1000,0,16.36529359999986,4.760657155643311,9.588941315740117,54.27279233932495,0.213611724368002,5.460202606608743,,,,1.500000000000001,0.7777777777777778,3.7003594434624407,0.0476190476190476,0.0,0.4711111111111111,0.0533333333333333,0.3688888888888889
extrapolate,american,put,0.0,bs_iv_net,dl,1000,0,6.148735899999792,0.1268405496020782,0.2901308143084827,1.4316684007644631,0.0305183729862684,0.1416593460045105,,,,0.9999999999999972,0.0,0.2265792425513287,0.0,0.0933333333333333,0.1022222222222222,0.0977777777777777,0.1111111111111111
extrapolate,american,put,0.0,poly_ridge,ml,3000,0,0.0025641000001996,126.35003614926592,320.6156008878629,1995.6332039687995,0.0267751257054561,145.78438399904442,,,,0.0,0.4444444444444444,1.6167544821704194,0.0476190476190476,0.4577777777777778,0.6088888888888889,0.3911111111111111,0.04
extrapolate,american,put,0.0,kernel_ridge,ml,3000,0,13.263371800000186,62.71996053230914,125.3587738050729,583.0766241342644,0.0028395158447205,72.36874838099598,,,,0.3571428571428559,0.2222222222222222,2.558191667735309,0.0476190476190476,0.4044444444444444,0.6177777777777778,0.3022222222222222,0.2533333333333333
extrapolate,american,put,0.0,random_forest,ml,3000,0,0.3562996999999086,3.439628114266617,7.4327911440982275,25.01207339521553,0.0539478684343296,3.960501998240815,,,,1.4444444444444382,0.0,1.5400464835260526,0.0,0.04,0.0,0.2,0.0
extrapolate,american,put,0.0,grad_boosting,ml,3000,0,1.225329999999758,3.4505471993844794,7.457705013076711,25.14321723917796,0.064474397978478,3.971481476523864,,,,1.666666666666662,0.0,1.3110767008362954,0.0,0.04,0.0,0.2177777777777777,0.0266666666666666
extrapolate,american,put,0.0,mlp_tanh,dl,3000,0,8.862847700000202,2.30438667626547,3.136285701467481,8.753883242607118,0.1553644474869132,2.63500548069294,,,,5.722222222222226,0.0,1.6126426983398372,0.0,0.4088888888888889,0.4888888888888889,0.1733333333333333,0.0755555555555555
extrapolate,american,put,0.0,mlp_relu,dl,3000,0,8.44420880000007,1.7406289344428425,2.647070846200541,11.453505754470829,0.0188896032401407,2.0055119084740265,,,,1.9999999999999996,0.0,0.6920176677661163,0.0,0.32,0.4133333333333333,0.2355555555555555,0.2
extrapolate,american,put,0.0,resnet_silu,dl,3000,0,15.312879100000371,3.631548460621281,6.227758382601965,22.283935546875,0.079991450144004,4.1779418468485545,,,,0.8333333333333323,0.3333333333333333,1.0222707108988742,0.0,0.0533333333333333,0.64,0.0977777777777777,0.7066666666666667
extrapolate,american,put,0.0,fourier_mlp,dl,3000,0,9.81661720000011,7.371169479100705,11.287336140925891,36.369244530797005,0.0241936866058747,8.501473447176833,,,,4.944444444444443,0.0,2.635311195057868,0.0476190476190476,0.4311111111111111,0.4666666666666667,0.2488888888888888,0.3911111111111111
extrapolate,american,put,0.0,picnn,dl,3000,0,23.877177299999857,4.451150376454733,7.579204074113127,39.78805899620056,0.2115760569701157,5.103392579452367,,,,1.0000000000000009,0.7777777777777778,4.777740373020158,0.0952380952380952,0.0,0.2133333333333333,0.3688888888888889,0.2
extrapolate,american,put,0.0,bs_iv_net,dl,3000,0,9.212903300000107,0.1482785503578326,0.3635929543346917,1.8642103672027568,0.0291934983268891,0.1665993275933624,,,,0.9999999999999972,0.0,0.226090508824177,0.0,0.1022222222222222,0.1111111111111111,0.0888888888888888,0.1066666666666666
extrapolate,american,put,0.0,poly_ridge,ml,50,1,0.001818600000206,144.05754145122626,304.12202558052934,1113.4021465315252,0.0638354041147112,166.21041930462806,,,,6.277777777777775,0.0,0.3309155126419235,0.4285714285714285,0.7644444444444445,0.5111111111111111,0.7822222222222223,0.6355555555555555
extrapolate,american,put,0.0,kernel_ridge,ml,50,1,0.0968680000000858,2.654312310932438,5.6819805812224216,31.698926520597105,0.0135496658995915,3.060583487091338,,,,5.0555555555555545,0.0,1.176614785955821,0.0476190476190476,0.4222222222222222,0.2222222222222222,0.3777777777777777,0.5022222222222222
extrapolate,american,put,0.0,random_forest,ml,50,1,0.434445500000038,4.014820791310918,8.18494091241468,26.88809723308672,0.6710401124017621,4.5292485880661735,,,,3.888888888888885,0.0,2.7335703928938977,0.0,0.1111111111111111,0.0,0.24,0.1644444444444444
extrapolate,american,put,0.0,grad_boosting,ml,50,1,0.3751326000001427,4.2446285315677255,8.39326177039018,28.12170072645806,0.7068451367892563,4.788902899995183,,,,5.666666666666663,0.0,2.445743023015265,0.0476190476190476,0.0666666666666666,0.0,0.2488888888888888,0.1422222222222222
extrapolate,american,put,0.0,mlp_tanh,dl,50,1,3.5731262999997853,2.1488685593915267,2.8779239986952523,7.334374785423281,0.1909327437761973,2.4500894541015774,,,,10.277777777777782,0.0,1.7235146749664303,0.0,0.3822222222222222,0.48,0.1555555555555555,0.0
extrapolate,american,put,0.0,mlp_relu,dl,50,1,3.5787246999998388,3.1807360133488136,6.015518330149864,24.356206655502323,0.123042498265395,3.651150400284724,,,,4.388888888888885,0.0,1.1753939885054605,0.0476190476190476,0.3155555555555555,0.0,0.6266666666666667,0.2844444444444444
extrapolate,american,put,0.0,resnet_silu,dl,50,1,5.491736100000253,3.883234405429496,6.690103281139483,26.852387189865112,0.07999178005172,4.468348655487615,,,,1.6666666666666643,0.0,1.1468981360814023,0.0,0.0,0.6222222222222222,0.1466666666666666,0.7288888888888889
extrapolate,american,put,0.0,fourier_mlp,dl,50,1,3.369123699999818,7.63400789809735,12.95880900821968,42.06851959228516,0.9550813121569612,8.661535065165104,,,,7.166666666666666,0.0,5.836665404558481,0.0952380952380952,0.4755555555555555,0.4488888888888889,0.32,0.5111111111111111
extrapolate,american,put,0.0,picnn,dl,50,1,11.357155500000315,5.848348720731523,7.213536112364968,16.450196504592896,0.9135372937617424,6.607550478726874,,,,2.8888888888888866,0.0,7.906117233896519,0.1428571428571428,0.0,0.0,0.6933333333333334,0.0888888888888888
extrapolate,american,put,0.0,bs_iv_net,dl,50,1,4.430101899999954,0.1342954698923552,0.2643890607306414,1.2976098060607844,0.0392617378928717,0.1489160440461218,,,,1.277777777777774,0.0,0.2586865392084709,0.0,0.0844444444444444,0.0311111111111111,0.2088888888888889,0.1511111111111111
extrapolate,american,put,0.0,poly_ridge,ml,200,1,0.0013401000001067,148.73920976933763,316.1105526766766,1232.6271903981967,0.0478417346849327,171.61480485159186,,,,5.055555555555551,0.0,2.66828625835187,0.2857142857142857,0.76,0.4844444444444444,0.76,0.6088888888888889
extrapolate,american,put,0.0,kernel_ridge,ml,200,1,0.1889875000001666,5.557272751185895,9.411378573398297,36.79125349883382,0.0071756761718558,6.411133839649592,,,,0.4444444444444436,0.0,6.307030582301144,0.0,0.44,0.3911111111111111,0.3955555555555555,0.52
extrapolate,american,put,0.0,random_forest,ml,200,1,0.4635647000000062,3.612257361773291,7.566023954736316,25.328327731359856,0.2197816586309064,4.134176700718275,,,,3.7777777777777737,0.0,2.504790691812728,0.0,0.1022222222222222,0.0,0.24,0.0133333333333333
extrapolate,american,put,0.0,grad_boosting,ml,200,1,0.35454720000007,4.00266269948342,8.091629880524573,27.010095196917806,0.5059948989335233,4.540611591875712,,,,2.27777777777778,0.0,2.322112937666669,0.0476190476190476,0.1022222222222222,0.0,0.24,0.0266666666666666
extrapolate,american,put,0.0,mlp_tanh,dl,200,1,3.933396599999924,2.1265082190948825,2.7834388108483448,7.599743604660036,0.2025678300697618,2.4224990481756707,,,,11.222222222222223,0.0,1.876710320424937,0.0,0.4,0.4977777777777777,0.1244444444444444,0.0
extrapolate,american,put,0.0,mlp_relu,dl,200,1,3.913434800000232,3.102094206403032,5.586944278535038,21.817527115345005,0.06960817403462,3.5686305190750947,,,,4.277777777777777,0.0,0.9385986592925673,0.0476190476190476,0.3644444444444444,0.0,0.6488888888888888,0.2666666666666666
extrapolate,american,put,0.0,resnet_silu,dl,200,1,6.539361500000268,5.182270033266004,8.57209862338722,30.777591466903687,0.0803225580456749,5.967185029453748,,,,1.6666666666666632,0.0,1.3647047546194129,0.0,0.0,0.6533333333333333,0.0977777777777777,0.7377777777777778
extrapolate,american,put,0.0,fourier_mlp,dl,200,1,4.23191769999994,7.21787319784333,12.487382801781502,41.717717945575714,0.2823380103182571,8.284878611308725,,,,5.944444444444444,0.0,3.972602461568137,0.0952380952380952,0.4266666666666667,0.4488888888888889,0.3022222222222222,0.4533333333333333
extrapolate,american,put,0.0,picnn,dl,200,1,12.234786200000144,2.138610196550101,2.515844222758526,5.219054222152317,0.6267297080775497,2.3712071947766478,,,,2.722222222222217,0.0,2.11666564361349,0.238095238095238,0.0,0.3333333333333333,0.7644444444444445,0.12
extrapolate,american,put,0.0,bs_iv_net,dl,200,1,4.772084600000198,0.0796974705546502,0.1822574670137215,0.781747102737429,0.0208330772471287,0.0887535310634997,,,,0.888888888888886,0.0,0.1011336986695659,0.0,0.0933333333333333,0.0222222222222222,0.1822222222222222,0.1111111111111111
extrapolate,american,put,0.0,poly_ridge,ml,1000,1,0.0015536000000793,146.8199778055715,325.835388212709,1636.453287571794,0.0361512998409981,169.40210496029923,,,,4.33333333333333,0.0,1.4693871555343267,0.2857142857142857,0.6844444444444444,0.5644444444444444,0.7333333333333333,0.4444444444444444
extrapolate,american,put,0.0,kernel_ridge,ml,1000,1,1.4841779999997016,18.73959551992425,37.42308149845029,157.75869431477517,0.0038718260191609,21.622014549755804,,,,1.8333333333333317,0.0,3.521862763615946,0.0952380952380952,0.4488888888888889,0.4888888888888889,0.56,0.4311111111111111
extrapolate,american,put,0.0,random_forest,ml,1000,1,0.3825188000000707,3.504590476755551,7.4852804681741905,25.10047176291193,0.103877206457177,4.027777133724531,,,,2.333333333333336,0.0,1.7378756105445328,0.0,0.0488888888888888,0.0,0.24,0.0044444444444444
extrapolate,american,put,0.0,grad_boosting,ml,1000,1,1.1673279000001455,3.569267667713997,7.55828257103133,25.42784915487072,0.1050836284095672,4.102219058376217,,,,1.222222222222222,0.0,1.6608459751814706,0.0,0.04,0.0,0.24,0.0533333333333333
extrapolate,american,put,0.0,mlp_tanh,dl,1000,1,5.6893215000000055,2.614027563239433,3.481433709508298,8.488049507141115,0.1890869897132264,2.9870953437819274,,,,9.500000000000004,0.0,2.030959650734495,0.0,0.4444444444444444,0.5022222222222222,0.1466666666666666,0.0
extrapolate,american,put,0.0,mlp_relu,dl,1000,1,5.395019000000048,2.8797163108938912,5.161910197749625,21.376165151596076,0.0318518028213358,3.3178493121358223,,,,3.611111111111109,0.0,0.4723305882097782,0.0952380952380952,0.32,0.0,0.6755555555555556,0.24
extrapolate,american,put,0.0,resnet_silu,dl,1000,1,10.033420600000229,5.408679942422757,8.983675797552142,32.029953598976135,0.0743124961930459,6.229351857227329,,,,1.2222222222222197,0.0,1.247940521653663,0.0,0.0,0.6622222222222223,0.08,0.72
extrapolate,american,put,0.0,fourier_mlp,dl,1000,1,6.227787500000432,7.143604722961154,12.29631903163285,41.001689583063126,0.0909561839603519,8.228627575115127,,,,5.7222222222222205,0.0,4.23227781055818,0.0952380952380952,0.4177777777777778,0.4577777777777778,0.2933333333333333,0.4311111111111111
extrapolate,american,put,0.0,picnn,dl,1000,1,16.488163099999838,1.37811937230365,1.7277266770847108,4.4324696521502895,0.5365174821635481,1.5075965861713578,,,,2.3333333333333304,0.0,1.7826425324951902,0.1904761904761904,0.0,0.4444444444444444,0.6488888888888888,0.1333333333333333
extrapolate,american,put,0.0,bs_iv_net,dl,1000,1,6.156912600000396,0.0775157166653866,0.1699750120292832,0.7146310806274481,0.0144880984278868,0.0872122733173096,,,,0.6666666666666636,0.0,0.0956308734031761,0.0,0.0977777777777777,0.0488888888888888,0.1022222222222222,0.0933333333333333
extrapolate,american,put,0.0,poly_ridge,ml,3000,1,0.0023931999999149,121.18649546743588,312.25567750302866,1949.8688487172644,0.0261541353651508,139.82654798006214,,,,0.1666666666666686,0.3333333333333333,1.7419242570078937,0.0476190476190476,0.4711111111111111,0.6,0.4,0.04
extrapolate,american,put,0.0,kernel_ridge,ml,3000,1,13.27950550000014,53.51908082326654,99.43344585788054,424.0431040772819,0.0030000106242264,61.75232402521152,,,,4.055555555555554,0.0,2.932161756959922,0.0476190476190476,0.3555555555555555,0.6488888888888888,0.28,0.3066666666666666
extrapolate,american,put,0.0,random_forest,ml,3000,1,0.3682435999999143,3.4671438015389136,7.444074421266317,25.058439979313903,0.0592938904828627,3.991428403239844,,,,1.6111111111111065,0.0,1.5585485245970212,0.0,0.0444444444444444,0.0,0.2088888888888889,0.0
extrapolate,american,put,0.0,grad_boosting,ml,3000,1,1.229452300000048,3.475755937742941,7.474882078788325,25.16652581778478,0.0593221878527676,4.001361130033737,,,,1.3333333333333357,0.0,1.375905158307341,0.0,0.04,0.0,0.2177777777777777,0.0
extrapolate,american,put,0.0,mlp_tanh,dl,3000,1,8.777801299999737,2.288333905746564,3.0521243399677327,7.190790176391603,0.1798823164780545,2.612711073326335,,,,10.888888888888893,0.0,1.8373400651441016,0.0,0.4133333333333333,0.5111111111111111,0.1288888888888889,0.0
extrapolate,american,put,0.0,mlp_relu,dl,3000,1,8.386001600000327,2.538184641572435,4.777190564089655,19.881793260574344,0.0346262201060605,2.923347475644185,,,,3.2222222222222188,0.0,1.0621464115065784,0.0,0.3066666666666666,0.0,0.6666666666666666,0.2444444444444444
extrapolate,american,put,0.0,resnet_silu,dl,3000,1,15.276112499999726,5.157892587071855,8.640623504525372,31.5481960773468,0.0713196004730801,5.94044227731782,,,,1.3333333333333297,0.0,1.316279431124967,0.0,0.0,0.6577777777777778,0.0977777777777777,0.7288888888888889
extrapolate,american,put,0.0,fourier_mlp,dl,3000,1,9.581849199999851,7.198538560451981,12.33210751011986,41.0374940931797,0.0429787514443504,8.299393915683922,,,,5.388888888888888,0.0,4.397462838678566,0.0952380952380952,0.4222222222222222,0.4666666666666667,0.3066666666666666,0.4355555555555555
extrapolate,american,put,0.0,picnn,dl,3000,1,24.582967199999985,1.61359620584373,2.504467967388117,10.424170494079588,0.3706552397827702,1.804817892930032,,,,1.5625,0.1111111111111111,1.1023842902218366,0.1428571428571428,0.0,0.5644444444444444,0.2755555555555555,0.1688888888888889
extrapolate,american,put,0.0,bs_iv_net,dl,3000,1,9.501686200000222,0.0898581334213053,0.2033262093092621,0.9342443943023748,0.0143057761875724,0.1014815729957257,,,,0.6111111111111067,0.0,0.1058123375294354,0.0,0.0933333333333333,0.0577777777777777,0.0933333333333333,0.0844444444444444
full,american,put,0.0,pinn_n2,pinn,0,0,145.49334769999996,2.3129473548349586,2.631338547481022,5.463287830352781,2.3129473548349586,,,,,21.25,0.7777777777777778,7.970303217480394,0.0,0.2888888888888888,0.1688888888888889,0.0044444444444444,0.0
full,american,put,0.0,poly_ridge,ml,50,0,0.0025421999998798,0.5042244505604241,0.9347797137627308,4.819688103278985,0.5042244505604241,,,,,1.7222222222222237,0.0,1.862047619746928,0.0952380952380952,0.2755555555555555,0.2355555555555555,0.36,0.2977777777777777
full,american,put,0.0,kernel_ridge,ml,50,0,0.1100857000001269,0.6480952323626021,0.8448276657952727,3.6284375471554906,0.6480952323626021,,,,,3.44444444444444,0.0,3.4112922196714126,0.0952380952380952,0.24,0.2977777777777777,0.4533333333333333,0.3555555555555555
full,american,put,0.0,random_forest,ml,50,0,0.4000513999999384,0.8893848840022143,1.5497898943185215,5.669978512654139,0.8893848840022143,,,,,5.944444444444443,0.0,4.13513898779454,0.0476190476190476,0.3822222222222222,0.0355555555555555,0.0577777777777777,0.1733333333333333
full,american,put,0.0,grad_boosting,ml,50,0,0.3856534000001375,0.8134463044712797,1.42589115654811,5.030062257301959,0.8134463044712797,,,,,5.7222222222222205,0.0,3.875968770736917,0.1428571428571428,0.4844444444444444,0.1555555555555555,0.1822222222222222,0.3688888888888889
full,american,put,0.0,mlp_tanh,dl,50,0,3.5960878000000776,0.378259845394375,0.5542101143908786,2.780480460289044,0.378259845394375,,,,,2.833333333333332,0.0,2.2932186323233426,0.0476190476190476,0.1955555555555555,0.2311111111111111,0.4266666666666667,0.2755555555555555
full,american,put,0.0,mlp_relu,dl,50,0,3.639522299999953,0.2459780269537525,0.4937486834847173,2.55246698856354,0.2459780269537525,,,,,8.055555555555559,0.0,1.5668168696284217,0.0,0.1244444444444444,0.0355555555555555,0.1022222222222222,0.1822222222222222
full,american,put,0.0,resnet_silu,dl,50,0,5.758322399999997,0.2001056137629225,0.3613845540223128,2.0619062343864867,0.2001056137629225,,,,,2.444444444444442,0.0,1.21910053312488,0.0476190476190476,0.1333333333333333,0.1422222222222222,0.2044444444444444,0.2977777777777777
full,american,put,0.0,fourier_mlp,dl,50,0,3.378421200000048,8.568225838170026,12.020400583216665,43.27964201569557,8.568225838170026,,,,,9.388888888888886,0.0,18.42256809623981,0.3333333333333333,0.4577777777777778,0.6933333333333334,0.5244444444444445,0.5022222222222222
full,american,put,0.0,picnn,dl,50,0,11.149708300000384,1.5655662315738834,1.8639480016018728,5.025153384569211,1.5655662315738834,,,,,2.1666666666666674,0.0,8.072792640450595,0.0,0.0,0.1155555555555555,0.6311111111111111,0.5377777777777778
full,american,put,0.0,bs_iv_net,dl,50,0,4.454007000000274,0.029864205561835,0.0564908595080712,0.2183079719543346,0.029864205561835,,,,,0.8888888888888884,0.0,0.2126922704829685,0.0,0.0533333333333333,0.0177777777777777,0.0844444444444444,0.0755555555555555
full,american,put,0.0,poly_ridge,ml,200,0,0.0013988999999128,0.4298704512650771,0.5750272431418835,2.4712036819934022,0.4298704512650771,,,,,0.8333333333333316,0.0,2.352686780243217,0.0476190476190476,0.2888888888888888,0.2577777777777778,0.3511111111111111,0.2711111111111111
full,american,put,0.0,kernel_ridge,ml,200,0,0.1754965000000083,0.053924549975228,0.107601397055691,0.7708716308950613,0.053924549975228,,,,,3.222222222222224,0.0,0.2191142095133446,0.0,0.1644444444444444,0.0266666666666666,0.0933333333333333,0.2666666666666666
full,american,put,0.0,random_forest,ml,200,0,0.440308300000197,0.2478038371767199,0.4189075515527744,1.7697620572188977,0.2478038371767199,,,,,3.8333333333333295,0.0,2.4426665450128784,0.0,0.3555555555555555,0.1466666666666666,0.1288888888888889,0.1022222222222222
full,american,put,0.0,grad_boosting,ml,200,0,0.523182899999938,0.4930682489079597,0.9164649806630388,5.423219424442211,0.4930682489079597,,,,,2.8888888888888866,0.0,1.72439804760787,0.0,0.3066666666666666,0.2133333333333333,0.2711111111111111,0.1377777777777777
full,american,put,0.0,mlp_tanh,dl,200,0,3.975388500000008,0.2231028373230086,0.3341060493473606,1.829097942474408,0.2231028373230086,,,,,1.3333333333333333,0.0,1.2627227828780865,0.0476190476190476,0.1555555555555555,0.1466666666666666,0.2755555555555555,0.1155555555555555
full,american,put,0.0,mlp_relu,dl,200,0,3.9676770000000943,0.0638061444287562,0.1208482651600571,0.7232248783111461,0.0638061444287562,,,,,2.444444444444445,0.0,0.385357430723721,0.0,0.1555555555555555,0.0355555555555555,0.0711111111111111,0.2177777777777777
full,american,put,0.0,resnet_silu,dl,200,0,6.640614099999766,0.1108762753032669,0.1597469802307788,1.0347319403915831,0.1108762753032669,,,,,1.2222222222222234,0.0,0.9446246437668095,0.0,0.1555555555555555,0.0533333333333333,0.1733333333333333,0.2355555555555555
full,american,put,0.0,fourier_mlp,dl,200,0,4.013667400000031,4.490379188791877,6.977543895288483,26.335054039955143,4.490379188791877,,,,,4.944444444444443,0.0,11.071305730036856,0.0476190476190476,0.4533333333333333,0.5555555555555556,0.4,0.52
full,american,put,0.0,picnn,dl,200,0,12.483098900000186,0.7806955612366642,0.9709037657554924,3.2538508633404204,0.7806955612366642,,,,,1.555555555555561,0.0,5.35407327863518,0.0,0.0,0.0844444444444444,0.6133333333333333,0.2755555555555555
full,american,put,0.0,bs_iv_net,dl,200,0,4.841984000000139,0.0129702832214529,0.0255461070978879,0.1330494880676158,0.0129702832214529,,,,,0.2222222222222199,0.0,0.0978917086273645,0.0,0.0488888888888888,0.0,0.0488888888888888,0.0888888888888888
full,american,put,0.0,poly_ridge,ml,1000,0,0.0016203000000132,0.4219696194678099,0.5635689036617857,2.471828631851144,0.4219696194678099,,,,,1.0555555555555516,0.0,2.706282965685283,0.0476190476190476,0.2888888888888888,0.2577777777777778,0.3422222222222222,0.2577777777777778
full,american,put,0.0,kernel_ridge,ml,1000,0,1.4855913999999757,0.0084685443922652,0.0128311664982095,0.0525372172812864,0.0084685443922652,,,,,0.2222222222222261,0.0,0.0577145820363241,0.0,0.0844444444444444,0.0,0.0,0.0444444444444444
full,american,put,0.0,random_forest,ml,1000,0,0.3826774999997724,0.1124242378482243,0.2521532543077124,1.4578368030569455,0.1124242378482243,,,,,3.1111111111111067,0.0,1.0870285734325529,0.0,0.3244444444444444,0.04,0.0222222222222222,0.08
full,american,put,0.0,grad_boosting,ml,1000,0,1.1669489000000794,0.1737438384400204,0.3569317630149199,1.7068821879904328,0.1737438384400204,,,,,3.222222222222218,0.0,0.9946806815443586,0.0,0.2044444444444444,0.1377777777777777,0.1555555555555555,0.1422222222222222
full,american,put,0.0,mlp_tanh,dl,1000,0,5.505901900000026,0.1969075999682198,0.3084633903284156,1.7370415488510558,0.1969075999682198,,,,,1.222222222222222,0.0,1.1053081378665164,0.0476190476190476,0.1644444444444444,0.1511111111111111,0.2311111111111111,0.2044444444444444
full,american,put,0.0,mlp_relu,dl,1000,0,5.52988090000008,0.0383298061231512,0.0631708399601857,0.2655416727066151,0.0383298061231512,,,,,0.8333333333333304,0.0,0.1581737557988207,0.0,0.1511111111111111,0.0222222222222222,0.0666666666666666,0.1822222222222222
full,american,put,0.0,resnet_silu,dl,1000,0,10.047432699999716,0.0828392580606252,0.1270602585777951,0.8708221474914978,0.0828392580606252,,,,,1.0555555555555565,0.0,0.5032908193352243,0.0,0.1333333333333333,0.04,0.0933333333333333,0.1644444444444444
full,american,put,0.0,fourier_mlp,dl,1000,0,6.2096034000001055,0.4141971562048867,0.7009581499980074,3.850345611572259,0.4141971562048867,,,,,2.8333333333333344,0.0,1.4634362664816578,0.0476190476190476,0.4177777777777778,0.2844444444444444,0.2666666666666666,0.4622222222222222
full,american,put,0.0,picnn,dl,1000,0,16.551836900000126,0.6718456837250468,0.8228492927832046,2.968226895692868,0.6718456837250468,,,,,1.9444444444444464,0.0,4.899756067047881,0.0,0.0,0.08,0.6088888888888889,0.2444444444444444
full,american,put,0.0,bs_iv_net,dl,1000,0,6.161184000000048,0.0096472399629305,0.0206387337380969,0.1209163665771506,0.0096472399629305,,,,,0.1666666666666668,0.0,0.0696192931612368,0.0,0.0444444444444444,0.0,0.0266666666666666,0.0622222222222222
full,american,put,0.0,poly_ridge,ml,3000,0,0.0024809999999888,0.4290971174042942,0.562193506553512,2.1613629011179545,0.4290971174042942,,,,,0.8333333333333279,0.0,2.3744615260300512,0.0476190476190476,0.2888888888888888,0.2622222222222222,0.3466666666666667,0.2266666666666666
full,american,put,0.0,kernel_ridge,ml,3000,0,13.23409270000002,0.0053858035346455,0.0081372936456189,0.028478917665764,0.0053858035346455,,,,,0.2222222222222261,0.0,0.0359050889120626,0.0,0.0844444444444444,0.0,0.0,0.0666666666666666
full,american,put,0.0,random_forest,ml,3000,0,0.3564679000000978,0.0535638492041163,0.1481143957240206,1.094034387541956,0.0535638492041163,,,,,1.8888888888888855,0.0,0.7990021457370396,0.0,0.1644444444444444,0.0266666666666666,0.0177777777777777,0.0266666666666666
full,american,put,0.0,grad_boosting,ml,3000,0,1.2428781999997227,0.1213539928329125,0.2429113573205484,0.9398068023794864,0.1213539928329125,,,,,2.5555555555555505,0.0,0.946826849033122,0.0476190476190476,0.2,0.0977777777777777,0.1244444444444444,0.24
full,american,put,0.0,mlp_tanh,dl,3000,0,8.82338690000006,0.2024640351190903,0.3047123363157845,1.528312788370175,0.2024640351190903,,,,,1.055555555555553,0.0,0.8562955981376683,0.0476190476190476,0.1866666666666666,0.1822222222222222,0.24,0.2222222222222222
full,american,put,0.0,mlp_relu,dl,3000,0,8.192975500000102,0.0275027960220226,0.0475703316381808,0.2429750561714017,0.0275027960220226,,,,,0.5555555555555536,0.0,0.2354576239805446,0.0,0.1555555555555555,0.0177777777777777,0.0311111111111111,0.1422222222222222
full,american,put,0.0,resnet_silu,dl,3000,0,15.534308499999952,0.1040430835055559,0.149226207418952,0.8697380880146454,0.1040430835055559,,,,,1.3888888888888888,0.0,0.786184485214724,0.0,0.1066666666666666,0.04,0.1866666666666666,0.2444444444444444
full,american,put,0.0,fourier_mlp,dl,3000,0,9.853606199999833,0.0572216887950016,0.0830689654075013,0.3914492993927765,0.0572216887950016,,,,,0.6666666666666697,0.0,0.2651170280637842,0.0,0.3466666666666667,0.0977777777777777,0.0977777777777777,0.3422222222222222
full,american,put,0.0,picnn,dl,3000,0,24.1388622999998,0.729350140297819,0.8598698902305066,2.8238286832600066,0.729350140297819,,,,,1.777777777777782,0.0,4.75023687730515,0.0,0.0,0.0755555555555555,0.6266666666666667,0.1911111111111111
full,american,put,0.0,bs_iv_net,dl,3000,0,9.13315569999986,0.0094262171779326,0.018864792414455,0.0890421867370538,0.0094262171779326,,,,,0.1666666666666655,0.0,0.0783406987987571,0.0,0.0488888888888888,0.0,0.0266666666666666,0.04
full,american,put,0.0,poly_ridge,ml,50,1,0.0018830000003617,0.3781850519391809,0.5153069256309961,2.113774961558975,0.3781850519391809,,,,,1.6111111111111114,0.0,2.592793899006117,0.0476190476190476,0.2844444444444444,0.2311111111111111,0.2444444444444444,0.2711111111111111
full,american,put,0.0,kernel_ridge,ml,50,1,0.0987614000000576,0.2168769892638101,0.3839202874854962,2.109649483931629,0.2168769892638101,,,,,2.055555555555557,0.0,1.0784030415301922,0.0476190476190476,0.1644444444444444,0.1155555555555555,0.2311111111111111,0.2888888888888888
full,american,put,0.0,random_forest,ml,50,1,0.4375288999999611,1.0323764842529746,1.7797667499495735,6.683432218234531,1.0323764842529746,,,,,4.83333333333333,0.0,7.501453034455487,0.0476190476190476,0.3022222222222222,0.16,0.0933333333333333,0.1822222222222222
full,american,put,0.0,grad_boosting,ml,50,1,0.3797398000001522,1.8417751949300991,3.090273943792948,16.204807419495125,1.8417751949300991,,,,,9.333333333333332,0.0,6.703501955167502,0.0952380952380952,0.3066666666666666,0.1911111111111111,0.3822222222222222,0.3688888888888889
full,american,put,0.0,mlp_tanh,dl,50,1,3.580511099999967,0.3098995374694782,0.5374401637584361,2.8395527610807845,0.3098995374694782,,,,,1.4999999999999951,0.0,3.4678427280254533,0.0,0.08,0.1422222222222222,0.2133333333333333,0.1866666666666666
full,american,put,0.0,mlp_relu,dl,50,1,3.54594969999971,0.261726246238221,0.4710971482629042,2.3168050564821825,0.261726246238221,,,,,5.277777777777775,0.0,2.8811003992592963,0.0476190476190476,0.1377777777777777,0.1111111111111111,0.1155555555555555,0.1777777777777777
full,american,put,0.0,resnet_silu,dl,50,1,5.419865900000332,0.1803499589578079,0.3472032147853948,2.1165424594908187,0.1803499589578079,,,,,3.4444444444444478,0.0,2.1603898311715697,0.0,0.0888888888888888,0.0444444444444444,0.2,0.1377777777777777
full,american,put,0.0,fourier_mlp,dl,50,1,3.5242779999998675,8.06867342225441,10.809323344147368,34.680930525064454,8.06867342225441,,,,,7.61111111111111,0.0,40.41689670930355,0.1428571428571428,0.4666666666666667,0.6933333333333334,0.4666666666666667,0.4622222222222222
full,american,put,0.0,picnn,dl,50,1,11.076807200000076,1.154193237799506,1.7920318433139193,7.92871020829968,1.154193237799506,,,,,5.5,0.0,11.250420871585115,0.0,0.0,0.0933333333333333,0.4888888888888889,0.5066666666666667
full,american,put,0.0,bs_iv_net,dl,50,1,4.384140600000137,0.0700639962419356,0.1076932320892505,0.2653336524963356,0.0700639962419356,,,,,1.888888888888892,0.0,0.824164659038678,0.0,0.0444444444444444,0.0266666666666666,0.08,0.0711111111111111
full,american,put,0.0,poly_ridge,ml,200,1,0.0013701000002583,0.399752025004131,0.5370656999730762,2.20601823993661,0.399752025004131,,,,,1.166666666666664,0.0,2.782412901727438,0.0476190476190476,0.2888888888888888,0.2577777777777778,0.2844444444444444,0.2577777777777778
full,american,put,0.0,kernel_ridge,ml,200,1,0.1914648000001761,0.0602483138280772,0.1154463515334465,0.8104905288655595,0.0602483138280772,,,,,0.4444444444444497,0.0,0.4786231753950484,0.0,0.1822222222222222,0.0355555555555555,0.0977777777777777,0.2088888888888889
full,american,put,0.0,random_forest,ml,200,1,0.4681522999999288,0.3199614594650907,0.6260684975833536,2.785633794769015,0.3199614594650907,,,,,3.7222222222222174,0.0,2.7329198537662127,0.0,0.32,0.08,0.1466666666666666,0.1155555555555555
full,american,put,0.0,grad_boosting,ml,200,1,0.3664902999998958,1.258288676972006,2.7805862244411967,13.361889409258554,1.258288676972006,,,,,3.055555555555552,0.0,4.840077335360469,0.0952380952380952,0.3777777777777777,0.1555555555555555,0.4266666666666667,0.3822222222222222
full,american,put,0.0,mlp_tanh,dl,200,1,3.873058000000128,0.2157419731047634,0.3278311581072594,1.345580593708081,0.2157419731047634,,,,,1.0000000000000009,0.0,0.9461661087938604,0.0476190476190476,0.1244444444444444,0.1511111111111111,0.2133333333333333,0.1866666666666666
full,american,put,0.0,mlp_relu,dl,200,1,3.976820700000189,0.0642481318750255,0.166718609573764,1.5354806184768477,0.0642481318750255,,,,,1.111111111111112,0.0,0.6545686029271333,0.0,0.1333333333333333,0.0488888888888888,0.0888888888888888,0.1111111111111111
full,american,put,0.0,resnet_silu,dl,200,1,6.476108100000147,0.0732076966500218,0.0952094090367625,0.4032635688781538,0.0732076966500218,,,,,1.166666666666669,0.0,0.7258297897731217,0.0,0.12,0.0177777777777777,0.2088888888888889,0.1733333333333333
full,american,put,0.0,fourier_mlp,dl,200,1,3.955241099999967,3.0671397083350267,4.792176812530706,22.53770917654038,3.0671397083350267,,,,,4.833333333333334,0.0,23.25409682543627,0.0,0.4844444444444444,0.4533333333333333,0.4844444444444444,0.4711111111111111
full,american,put,0.0,picnn,dl,200,1,12.170712099999946,0.6522787985881136,0.8247184333852347,2.991103158357663,0.6522787985881136,,,,,1.6666666666666656,0.0,4.809177705229429,0.0,0.0,0.1155555555555555,0.6044444444444445,0.1644444444444444
full,american,put,0.0,bs_iv_net,dl,200,1,4.8854278999997405,0.0107379095031886,0.0195297398049728,0.0870095354506751,0.0107379095031886,,,,,0.2222222222222211,0.0,0.1195534249672377,0.0,0.0311111111111111,0.0,0.0266666666666666,0.04
full,american,put,0.0,poly_ridge,ml,1000,1,0.0015895999999884,0.4187513880314117,0.5482122105028892,2.030158286131097,0.4187513880314117,,,,,0.8333333333333279,0.0,2.3015815646274724,0.0476190476190476,0.2844444444444444,0.2577777777777778,0.3288888888888889,0.2044444444444444
full,american,put,0.0,kernel_ridge,ml,1000,1,1.4885764000000563,0.009070837298388,0.0137946870475099,0.0697629494675213,0.009070837298388,,,,,0.2222222222222261,0.0,0.0575475617630794,0.0,0.1111111111111111,0.0,0.0088888888888888,0.1111111111111111
full,american,put,0.0,random_forest,ml,1000,1,0.3958488000002944,0.0727614908107238,0.1606555803386732,1.003220986502995,0.0727614908107238,,,,,2.8888888888888875,0.0,0.9426695210595982,0.0,0.2755555555555555,0.0533333333333333,0.0488888888888888,0.0666666666666666
full,american,put,0.0,grad_boosting,ml,1000,1,1.1812995000000228,0.1305042425802629,0.2245149883698974,0.7628631200441022,0.1305042425802629,,,,,2.2222222222222183,0.0,1.194112989759441,0.0,0.3511111111111111,0.0844444444444444,0.1022222222222222,0.2
full,american,put,0.0,mlp_tanh,dl,1000,1,5.479900300000281,0.2518264637571459,0.3635000139461015,1.5843135873108336,0.2518264637571459,,,,,0.9999999999999972,0.0,1.0178349779039737,0.0476190476190476,0.1911111111111111,0.2088888888888889,0.28,0.1511111111111111
full,american,put,0.0,mlp_relu,dl,1000,1,5.333419200000208,0.032096077121034,0.0527691365869871,0.2777373790741166,0.032096077121034,,,,,1.555555555555551,0.0,0.3129983260788022,0.0,0.1244444444444444,0.0088888888888888,0.04,0.1777777777777777
full,american,put,0.0,resnet_silu,dl,1000,1,10.241642700000284,0.0930534071126184,0.1302849644324294,0.6696240613489578,0.0930534071126184,,,,,1.4444444444444458,0.0,0.5976329460099334,0.0,0.08,0.0311111111111111,0.1511111111111111,0.2577777777777778
full,american,put,0.0,fourier_mlp,dl,1000,1,6.23129149999977,0.3669631206383932,0.7936844549157128,7.540646195411671,0.3669631206383932,,,,,3.277777777777781,0.0,1.2571963140257107,0.0476190476190476,0.4266666666666667,0.2311111111111111,0.2311111111111111,0.3866666666666666
full,american,put,0.0,picnn,dl,1000,1,16.261097699999937,0.6334466272221351,0.7884079308109397,2.6829739669590422,0.6334466272221351,,,,,1.500000000000001,0.0,4.190885663176975,0.0,0.0,0.0933333333333333,0.6133333333333333,0.1644444444444444
full,american,put,0.0,bs_iv_net,dl,1000,1,6.327172799999971,0.0087121495605771,0.0169836149270543,0.085296630859355,0.0087121495605771,,,,,0.1111111111111112,0.0,0.0805943160088789,0.0,0.04,0.0,0.0266666666666666,0.0355555555555555
full,american,put,0.0,poly_ridge,ml,3000,1,0.0023044999998091,0.4218940624143492,0.5554802072951796,2.1562872201763192,0.4218940624143492,,,,,0.8888888888888835,0.0,2.557190212732204,0.0476190476190476,0.2844444444444444,0.2577777777777778,0.3377777777777778,0.1866666666666666
full,american,put,0.0,kernel_ridge,ml,3000,1,13.238815499999872,0.005486065624575,0.0080601057959523,0.0329384007522905,0.005486065624575,,,,,0.1666666666666692,0.0,0.0412274271231802,0.0,0.0933333333333333,0.0,0.0,0.0488888888888888
full,american,put,0.0,random_forest,ml,3000,1,0.347898499999701,0.0413915574754154,0.0857557728675073,0.4731779376072197,0.0413915574754154,,,,,1.3333333333333333,0.0,0.4627497748805194,0.0,0.2266666666666666,0.0,0.0355555555555555,0.0177777777777777
full,american,put,0.0,grad_boosting,ml,3000,1,1.2405730000000403,0.0948745788601424,0.1684426835426498,0.6252743905341807,0.0948745788601424,,,,,2.555555555555552,0.0,0.5427325572495889,0.0,0.36,0.0844444444444444,0.1466666666666666,0.3822222222222222
full,american,put,0.0,mlp_tanh,dl,3000,1,9.31057550000014,0.2556225568760515,0.3675853447906376,1.7493923763065764,0.2556225568760515,,,,,1.1666666666666652,0.0,1.2153419771150604,0.0476190476190476,0.1911111111111111,0.2044444444444444,0.2666666666666666,0.1422222222222222
full,american,put,0.0,mlp_relu,dl,3000,1,8.38659030000008,0.0270644367137669,0.0420383413791459,0.1921075582504428,0.0270644367137669,,,,,0.6666666666666649,0.0,0.3221052626471382,0.0,0.1111111111111111,0.0133333333333333,0.0222222222222222,0.1111111111111111
full,american,put,0.0,resnet_silu,dl,3000,1,15.919006499999796,0.0931861967656957,0.131516282840722,0.7517324397592972,0.0931861967656957,,,,,1.27777777777778,0.0,0.6067960984089733,0.0,0.0933333333333333,0.0222222222222222,0.1422222222222222,0.2711111111111111
full,american,put,0.0,fourier_mlp,dl,3000,1,9.743875099999968,0.0497473993068625,0.0690219341953747,0.2718591698543527,0.0497473993068625,,,,,0.4444444444444423,0.0,0.2627974272758175,0.0,0.3244444444444444,0.0266666666666666,0.0755555555555555,0.3377777777777778
full,american,put,0.0,picnn,dl,3000,1,24.645120900000165,0.4689380868042618,0.6248334821966147,2.649516389730496,0.4689380868042618,,,,,1.7777777777777768,0.0,2.841069512199517,0.0,0.0,0.0666666666666666,0.5822222222222222,0.2133333333333333
full,american,put,0.0,bs_iv_net,dl,3000,1,9.231057299999977,0.0091867004264774,0.0165883138378932,0.0844286543319007,0.0091867004264774,,,,,0.1666666666666668,0.0,0.0861168498687014,0.0,0.0488888888888888,0.0,0.0266666666666666,0.0577777777777777
noisy,american,put,0.005,pinn_n2,pinn,0,0,145.49334769999996,2.3129473548349586,2.631338547481022,5.463287830352781,2.3129473548349586,,,,,21.25,0.7777777777777778,7.970303217480394,0.0,0.2888888888888888,0.1688888888888889,0.0044444444444444,0.0
noisy,american,put,0.005,poly_ridge,ml,50,0,0.0017179000005853,0.7603245906295755,1.130413483622431,5.4074300600602925,0.7603245906295755,,,,,11.500000000000002,0.0,3.0925839286312344,0.0476190476190476,0.2711111111111111,0.2488888888888888,0.4266666666666667,0.3955555555555555
noisy,american,put,0.005,kernel_ridge,ml,50,0,0.0948107999993226,0.7113005188464844,0.9170841012514808,3.6965815464607497,0.7113005188464844,,,,,3.2777777777777795,0.0,4.035661964482686,0.0952380952380952,0.2311111111111111,0.2755555555555555,0.5555555555555556,0.32
noisy,american,put,0.005,random_forest,ml,50,0,0.4258696000006239,0.9606419132949472,1.4908568013361752,5.298113762278339,0.9606419132949472,,,,,4.611111111111107,0.0,5.307173954519482,0.0476190476190476,0.4888888888888889,0.0622222222222222,0.4266666666666667,0.4533333333333333
noisy,american,put,0.005,grad_boosting,ml,50,0,0.3760412999999971,0.9654421546841926,1.4080689235902593,4.92009123505443,0.9654421546841926,,,,,5.444444444444442,0.0,4.685229644513418,0.1428571428571428,0.4666666666666667,0.2222222222222222,0.4711111111111111,0.4444444444444444
noisy,american,put,0.005,mlp_tanh,dl,50,0,3.582734700000401,0.7807335390491852,0.9758903799436236,3.887802884939236,0.7807335390491852,,,,,1.9444444444444424,0.0,5.348572758271658,0.0,0.0,0.2044444444444444,0.6355555555555555,0.44
noisy,american,put,0.005,mlp_relu,dl,50,0,3.793652100000145,0.4010833358239428,0.6249433866656483,2.8098428249359158,0.4010833358239428,,,,,7.687500000000003,0.1111111111111111,2.383599411262588,0.0,0.1066666666666666,0.04,0.4711111111111111,0.2577777777777778
noisy,american,put,0.005,resnet_silu,dl,50,0,5.532888499999899,0.3056822108002643,0.4495758201467897,2.428527698877377,0.3056822108002643,,,,,1.6666666666666694,0.0,2.392660219793456,0.0476190476190476,0.0622222222222222,0.1155555555555555,0.4711111111111111,0.12
noisy,american,put,0.005,fourier_mlp,dl,50,0,3.3652754999993704,8.5809232890922,12.024882858517564,43.13551835715771,8.5809232890922,,,,,8.111111111111107,0.0,18.917336399884256,0.3333333333333333,0.4577777777777778,0.6933333333333334,0.52,0.5111111111111111
noisy,american,put,0.005,picnn,dl,50,0,11.123105399999986,1.746353642103542,2.039673958886534,4.882845878601072,1.746353642103542,,,,,1.94444444444444,0.0,6.966840548723472,0.0,0.0,0.0977777777777777,0.6533333333333333,0.4666666666666667
noisy,american,put,0.005,bs_iv_net,dl,50,0,4.417432299999746,0.2256066271357298,0.3657645337622752,1.070372159427342,0.2256066271357298,,,,,7.166666666666671,0.0,2.3376967924946386,0.0,0.0,0.0,0.1333333333333333,0.0977777777777777
noisy,american,put,0.005,poly_ridge,ml,200,0,0.0013596999997389,0.4635062400919773,0.6316249209239178,2.500373514431516,0.4635062400919773,,,,,1.333333333333332,0.0,2.257929937676452,0.0476190476190476,0.2666666666666666,0.2488888888888888,0.4444444444444444,0.3111111111111111
noisy,american,put,0.005,kernel_ridge,ml,200,0,0.2053098999995199,0.3203070598162071,0.4397717684521236,1.8509623474908663,0.3203070598162071,,,,,1.1111111111111107,0.0,1.5371628276877074,0.0952380952380952,0.2044444444444444,0.1866666666666666,0.4222222222222222,0.3022222222222222
noisy,american,put,0.005,random_forest,ml,200,0,0.4638115000007019,0.3029271141651942,0.4172248548220967,1.8189460731994236,0.3029271141651942,,,,,4.33333333333333,0.0,2.1093468849486445,0.0,0.4844444444444444,0.2133333333333333,0.3555555555555555,0.4355555555555555
noisy,american,put,0.005,grad_boosting,ml,200,0,0.3876968000004126,0.6241705784158006,0.9826087265736104,5.136852534896819,0.6241705784158006,,,,,4.83333333333333,0.0,1.889322019291572,0.0,0.3555555555555555,0.2711111111111111,0.4711111111111111,0.1422222222222222
noisy,american,put,0.005,mlp_tanh,dl,200,0,3.999334099999942,0.3002203039834625,0.4245530734653892,1.9733359674244355,0.3002203039834625,,,,,1.7222222222222223,0.0,1.4612060362747818,0.0476190476190476,0.1155555555555555,0.1644444444444444,0.4533333333333333,0.1155555555555555
noisy,american,put,0.005,mlp_relu,dl,200,0,3.944572599999447,0.265483134631229,0.35567273418631,1.43069028854369,0.265483134631229,,,,,3.388888888888892,0.0,1.6780113159107022,0.0476190476190476,0.1377777777777777,0.0977777777777777,0.4977777777777777,0.28
noisy,american,put,0.005,resnet_silu,dl,200,0,6.582522499999868,0.1737321537133733,0.231807029746383,1.108862982156796,0.1737321537133733,,,,,1.7777777777777768,0.0,0.7974012092768635,0.0476190476190476,0.1155555555555555,0.12,0.5155555555555555,0.2711111111111111
noisy,american,put,0.005,fourier_mlp,dl,200,0,4.003350200000568,4.56939228359057,7.033232498857221,26.262172460556037,4.56939228359057,,,,,4.722222222222221,0.0,11.903126637111692,0.0952380952380952,0.4577777777777778,0.5377777777777778,0.4133333333333333,0.52
noisy,american,put,0.005,picnn,dl,200,0,12.482493900000009,0.8517811187953105,1.047775869718356,3.344278560045285,0.8517811187953105,,,,,1.8888888888888868,0.0,4.823804530971445,0.0,0.0,0.0844444444444444,0.6355555555555555,0.3111111111111111
noisy,american,put,0.005,bs_iv_net,dl,200,0,4.742634999999609,0.0905284995442207,0.1740522567951675,0.852303504943841,0.0905284995442207,,,,,1.0555555555555565,0.0,0.5258299937480599,0.0,0.0,0.0488888888888888,0.1955555555555555,0.1422222222222222
noisy,american,put,0.005,poly_ridge,ml,1000,0,0.0015832999997655,0.4314956265738633,0.5813745049334781,2.5249090883845047,0.4314956265738633,,,,,0.9999999999999996,0.0,2.914551462836364,0.0476190476190476,0.28,0.2488888888888888,0.3288888888888889,0.2755555555555555
noisy,american,put,0.005,kernel_ridge,ml,1000,0,1.4950586000004478,0.1140259434654995,0.1392698891298563,0.3840837018202703,0.1140259434654995,,,,,1.5000000000000002,0.0,0.8445969698068042,0.0,0.2044444444444444,0.0444444444444444,0.24,0.3111111111111111
noisy,american,put,0.005,random_forest,ml,1000,0,0.3694788000002518,0.2383266855370305,0.3141861994322858,1.2088712791705745,0.2383266855370305,,,,,3.277777777777773,0.0,1.3240112822382897,0.0,0.48,0.1644444444444444,0.3066666666666666,0.44
noisy,american,put,0.005,grad_boosting,ml,1000,0,1.1838309999993726,0.3335564843520438,0.4442212898150502,1.7296490346146247,0.3335564843520438,,,,,3.6111111111111063,0.0,1.241551506290453,0.0476190476190476,0.3866666666666666,0.2533333333333333,0.4177777777777778,0.4311111111111111
noisy,american,put,0.005,mlp_tanh,dl,1000,0,5.519890699999451,0.1959998693550309,0.3130628972313192,1.806389317873044,0.1959998693550309,,,,,1.055555555555553,0.0,1.3017063584981474,0.0476190476190476,0.16,0.1688888888888889,0.2266666666666666,0.2444444444444444
noisy,american,put,0.005,mlp_relu,dl,1000,0,5.605967899999996,0.0953104705443341,0.1342349188596619,0.5257304554992015,0.0953104705443341,,,,,3.555555555555555,0.0,0.6161203282443507,0.0,0.1555555555555555,0.0266666666666666,0.12,0.3022222222222222
noisy,american,put,0.005,resnet_silu,dl,1000,0,10.084842400000523,0.0887980193172409,0.1309296790397981,0.8642760673790405,0.0887980193172409,,,,,1.388888888888894,0.0,0.4603016866413877,0.0,0.1244444444444444,0.0088888888888888,0.1466666666666666,0.2711111111111111
noisy,american,put,0.005,fourier_mlp,dl,1000,0,6.221828699999605,0.802719948214064,1.138457867929879,4.880916858607596,0.802719948214064,,,,,5.222222222222225,0.0,3.058169245993689,0.0476190476190476,0.4711111111111111,0.3377777777777778,0.3644444444444444,0.5333333333333333
noisy,american,put,0.005,picnn,dl,1000,0,16.589862299999368,0.6900162449292131,0.8493451187482142,3.096993790033383,0.6900162449292131,,,,,2.1111111111111094,0.0,5.3489670077989455,0.0,0.0,0.08,0.6088888888888889,0.2844444444444444
noisy,american,put,0.005,bs_iv_net,dl,1000,0,6.079464399999779,0.089823988858554,0.1515070561634489,0.5031692981719904,0.089823988858554,,,,,2.444444444444447,0.0,0.8021261454601457,0.0,0.0133333333333333,0.04,0.16,0.0977777777777777
noisy,american,put,0.005,poly_ridge,ml,3000,0,0.0028941999999005,0.4385972042191106,0.5734164690657605,2.1634789332784585,0.4385972042191106,,,,,0.7222222222222191,0.0,2.445287448878949,0.0476190476190476,0.2844444444444444,0.2622222222222222,0.3422222222222222,0.2311111111111111
noisy,american,put,0.005,kernel_ridge,ml,3000,0,13.275001500000144,0.0601378911918803,0.0774017437693703,0.2812299655518324,0.0601378911918803,,,,,0.9999999999999996,0.0,0.3957511414020493,0.0,0.2044444444444444,0.0177777777777777,0.1555555555555555,0.2355555555555555
noisy,american,put,0.005,random_forest,ml,3000,0,0.3607491000002483,0.2119463080967407,0.2624860448723963,0.8816107112488203,0.2119463080967407,,,,,1.61111111111111,0.0,1.3176789498033092,0.0476190476190476,0.4844444444444444,0.1777777777777777,0.2888888888888888,0.4088888888888889
noisy,american,put,0.005,grad_boosting,ml,3000,0,1.2061680999995588,0.1979896183586583,0.2861196653960397,0.9702624884248376,0.1979896183586583,,,,,1.8888888888888844,0.0,1.2898473458904662,0.0476190476190476,0.4133333333333333,0.16,0.3022222222222222,0.4577777777777778
noisy,american,put,0.005,mlp_tanh,dl,3000,0,8.87248240000008,0.2021156215601935,0.3020801847146686,1.492617056730313,0.2021156215601935,,,,,1.1111111111111085,0.0,0.8976434147251429,0.0476190476190476,0.1866666666666666,0.1866666666666666,0.2444444444444444,0.2222222222222222
noisy,american,put,0.005,mlp_relu,dl,3000,0,8.214109800000188,0.0745823955519003,0.1001295043481697,0.4002928733825794,0.0745823955519003,,,,,2.8333333333333344,0.0,0.3796803971900396,0.0,0.1555555555555555,0.0266666666666666,0.1644444444444444,0.2577777777777778
noisy,american,put,0.005,resnet_silu,dl,3000,0,15.861461299999974,0.1029835528291563,0.1476326651996517,0.8462188402443359,0.1029835528291563,,,,,1.166666666666669,0.0,0.6444492536805714,0.0476190476190476,0.1111111111111111,0.04,0.2044444444444444,0.2622222222222222
noisy,american,put,0.005,fourier_mlp,dl,3000,0,9.594293899999684,0.3233201400180234,0.4391590013531026,1.4796632199860382,0.3233201400180234,,,,,3.4444444444444424,0.0,2.0077175971001195,0.0,0.4444444444444444,0.2622222222222222,0.2622222222222222,0.4888888888888889
noisy,american,put,0.005,picnn,dl,3000,0,24.191536700000142,0.7107361130625759,0.8370999563527746,2.742721662881894,0.7107361130625759,,,,,1.6666666666666703,0.0,4.519693728974242,0.0,0.0,0.08,0.6222222222222222,0.2222222222222222
noisy,american,put,0.005,bs_iv_net,dl,3000,0,9.089413400000012,0.020311132980967,0.0383204633662525,0.1945698261261008,0.020311132980967,,,,,0.6111111111111154,0.0,0.1463659442782215,0.0,0.0444444444444444,0.0,0.0666666666666666,0.08
noisy,american,put,0.005,poly_ridge,ml,50,1,0.0017306999998254,0.4603349778523437,0.6142260505526395,1.9337456693128696,0.4603349778523437,,,,,1.4444444444444446,0.0,2.4237448659099554,0.0,0.2844444444444444,0.1244444444444444,0.4622222222222222,0.2977777777777777
noisy,american,put,0.005,kernel_ridge,ml,50,1,0.0953989999998157,0.6084736315394342,0.8257419828114719,2.4360532425809507,0.6084736315394342,,,,,2.722222222222226,0.0,2.4716358534191105,0.1428571428571428,0.2222222222222222,0.1688888888888889,0.4933333333333333,0.3066666666666666
noisy,american,put,0.005,random_forest,ml,50,1,0.427987099999882,1.151600765704931,1.799827288041621,6.566236842512724,1.151600765704931,,,,,4.888888888888886,0.0,7.0885842359090265,0.0476190476190476,0.6133333333333333,0.16,0.3555555555555555,0.4844444444444444
noisy,american,put,0.005,grad_boosting,ml,50,1,0.3876768000000083,1.8842710410981829,3.091268236002051,16.168540028050714,1.8842710410981829,,,,,5.833333333333331,0.0,7.188699151088448,0.0476190476190476,0.3333333333333333,0.1866666666666666,0.4311111111111111,0.3422222222222222
noisy,american,put,0.005,mlp_tanh,dl,50,1,3.644718900000044,0.4328343187011816,0.6549100605538544,3.278634102108998,0.4328343187011816,,,,,2.2777777777777746,0.0,3.937386254014789,0.0,0.08,0.1466666666666666,0.5244444444444445,0.1822222222222222
noisy,american,put,0.005,mlp_relu,dl,50,1,3.6976917000001777,0.5987685284645411,0.8048003031630637,3.092385723441468,0.5987685284645411,,,,,16.000000000000004,0.0,4.527341007982998,0.0,0.1555555555555555,0.0622222222222222,0.4755555555555555,0.2
noisy,american,put,0.005,resnet_silu,dl,50,1,5.719517900000028,0.8241989914087233,1.3015503326903326,6.077650711896939,0.8241989914087233,,,,,5.166666666666664,0.0,7.6225887839560675,0.0,0.0088888888888888,0.1333333333333333,0.52,0.4311111111111111
noisy,american,put,0.005,fourier_mlp,dl,50,1,3.3448771000003035,8.081234817604656,10.81257524607533,34.68384668231009,8.081234817604656,,,,,7.61111111111111,0.0,39.58024774750898,0.1428571428571428,0.4755555555555555,0.6844444444444444,0.4755555555555555,0.4622222222222222
noisy,american,put,0.005,picnn,dl,50,1,11.372128399999385,1.161988394442926,1.71768195073588,7.696648464563413,1.161988394442926,,,,,5.833333333333329,0.0,9.611030353261317,0.0,0.0,0.0888888888888888,0.5422222222222223,0.4711111111111111
noisy,american,put,0.005,bs_iv_net,dl,50,1,4.405497599999762,0.2636257402279095,0.4052015701295201,1.3776067847199147,0.2636257402279095,,,,,6.611111111111115,0.0,2.8733505682949168,0.0,0.0,0.0,0.1466666666666666,0.0533333333333333
noisy,american,put,0.005,poly_ridge,ml,200,1,0.0013498999996954,0.3930836381461439,0.5435207943229866,2.218523957143611,0.3930836381461439,,,,,1.611111111111109,0.0,2.9568859239960514,0.0,0.2755555555555555,0.2311111111111111,0.2977777777777777,0.2666666666666666
noisy,american,put,0.005,kernel_ridge,ml,200,1,0.1886310999998386,0.2762909833717236,0.3576922865545824,1.4512780321407903,0.2762909833717236,,,,,0.6111111111111117,0.0,1.0087075055432724,0.0,0.1555555555555555,0.1822222222222222,0.3955555555555555,0.2311111111111111
noisy,american,put,0.005,random_forest,ml,200,1,0.4728533999996216,0.4000004625478798,0.671961022267689,2.679076786387572,0.4000004625478798,,,,,3.6666666666666634,0.0,3.410760070100738,0.0,0.7111111111111111,0.1644444444444444,0.2355555555555555,0.4355555555555555
noisy,american,put,0.005,grad_boosting,ml,200,1,0.3772678999994241,1.2690568282934451,2.7531261774000506,13.661604856004187,1.2690568282934451,,,,,3.9444444444444406,0.0,4.394614675417305,0.1428571428571428,0.5733333333333334,0.1244444444444444,0.3688888888888889,0.5244444444444445
noisy,american,put,0.005,mlp_tanh,dl,200,1,4.143341599999985,0.2507972326956562,0.3719887968640442,1.543433741691632,0.2507972326956562,,,,,0.9444444444444428,0.0,1.199863191569802,0.0476190476190476,0.1333333333333333,0.1733333333333333,0.3066666666666666,0.1822222222222222
noisy,american,put,0.005,mlp_relu,dl,200,1,3.895800100000088,0.1632930098460042,0.2284966015169793,0.865283310413345,0.1632930098460042,,,,,4.166666666666666,0.0,1.089406804032386,0.0,0.1911111111111111,0.0844444444444444,0.2488888888888888,0.2266666666666666
noisy,american,put,0.005,resnet_silu,dl,200,1,6.461309299999812,0.150006651815492,0.2039815424551109,0.9217744330196808,0.150006651815492,,,,,1.6111111111111114,0.0,0.8360014103618049,0.0,0.08,0.0755555555555555,0.3555555555555555,0.1777777777777777
noisy,american,put,0.005,fourier_mlp,dl,200,1,3.9464823000007527,3.1810078906485724,4.839482785256734,21.78804218769074,3.1810078906485724,,,,,5.388888888888888,0.0,24.81493785345284,0.0476190476190476,0.4711111111111111,0.4844444444444444,0.4977777777777777,0.4622222222222222
noisy,american,put,0.005,picnn,dl,200,1,12.447375200000351,0.625548678805196,0.8066993614609951,3.2021602252750823,0.625548678805196,,,,,1.8333333333333317,0.0,4.91796832519966,0.0,0.0,0.1244444444444444,0.5955555555555555,0.1555555555555555
noisy,american,put,0.005,bs_iv_net,dl,200,1,4.739689500000168,0.053314968306405,0.0836097966197402,0.2436053752899236,0.053314968306405,,,,,0.8333333333333292,0.0,0.1864033380747027,0.0,0.0666666666666666,0.0177777777777777,0.1466666666666666,0.0666666666666666
noisy,american,put,0.005,poly_ridge,ml,1000,1,0.0015618999996149,0.417320567268661,0.5493975153807011,2.029183097589667,0.417320567268661,,,,,0.7777777777777722,0.0,2.326158431605442,0.0476190476190476,0.28,0.2488888888888888,0.3244444444444444,0.2177777777777777
noisy,american,put,0.005,kernel_ridge,ml,1000,1,1.4881558999995832,0.1114994061120653,0.1438049483963214,0.4286540118158437,0.1114994061120653,,,,,1.7777777777777806,0.0,0.7101275074229543,0.0,0.2222222222222222,0.0488888888888888,0.1822222222222222,0.2933333333333333
noisy,american,put,0.005,random_forest,ml,1000,1,0.3693501999996442,0.2344637866735068,0.3231318761766696,1.395927293757171,0.2344637866735068,,,,,2.055555555555556,0.0,1.6668055055807949,0.0,0.5511111111111111,0.1422222222222222,0.1733333333333333,0.3911111111111111
noisy,american,put,0.005,grad_boosting,ml,1000,1,1.179099099999803,0.291258497033754,0.3978777344561021,1.5510668638379896,0.291258497033754,,,,,2.2222222222222165,0.0,1.896115450324178,0.0,0.4622222222222222,0.2311111111111111,0.2666666666666666,0.4933333333333333
noisy,american,put,0.005,mlp_tanh,dl,1000,1,5.537174799999775,0.2521016522705611,0.3601145845954811,1.5718953321009108,0.2521016522705611,,,,,1.055555555555554,0.0,1.0770398891164827,0.0476190476190476,0.1911111111111111,0.2,0.2577777777777778,0.1422222222222222
noisy,american,put,0.005,mlp_relu,dl,1000,1,5.309299200000169,0.0845012401690536,0.1235961379338153,0.4046300790174505,0.0845012401690536,,,,,2.944444444444445,0.0,0.8976583740920419,0.0,0.12,0.0355555555555555,0.1555555555555555,0.2355555555555555
noisy,american,put,0.005,resnet_silu,dl,1000,1,10.236731699999837,0.1002920698934096,0.1322395697199287,0.5299312630920837,0.1002920698934096,,,,,2.5555555555555567,0.0,0.5754915603816905,0.0,0.08,0.0088888888888888,0.1733333333333333,0.2888888888888888
noisy,american,put,0.005,fourier_mlp,dl,1000,1,6.19562279999991,0.7296825626398149,1.1774329427040704,10.623957216739644,0.7296825626398149,,,,,3.111111111111113,0.0,2.789424787554049,0.0476190476190476,0.4755555555555555,0.3422222222222222,0.3288888888888889,0.4844444444444444
noisy,american,put,0.005,picnn,dl,1000,1,16.471259400000235,0.6591093115500762,0.8094762301424733,2.781497464540524,0.6591093115500762,,,,,1.666666666666667,0.0,4.135960546802989,0.0,0.0,0.0977777777777777,0.6177777777777778,0.1377777777777777
noisy,american,put,0.005,bs_iv_net,dl,1000,1,6.125672600000144,0.0418148120584007,0.0823687724747738,0.3373479843139626,0.0418148120584007,,,,,0.8333333333333353,0.0,0.2653895619988252,0.0,0.0088888888888888,0.0,0.1155555555555555,0.04
noisy,american,put,0.005,poly_ridge,ml,3000,1,0.0024995999992825,0.4168918796208066,0.5526348066888463,2.173602659487391,0.4168918796208066,,,,,0.8888888888888835,0.0,2.3953935235453296,0.0476190476190476,0.2844444444444444,0.2622222222222222,0.3466666666666667,0.2266666666666666
noisy,american,put,0.005,kernel_ridge,ml,3000,1,13.241579000000456,0.0827204040936667,0.1016088959898775,0.2384856074904458,0.0827204040936667,,,,,0.7777777777777772,0.0,0.4040517253791248,0.0,0.2311111111111111,0.0355555555555555,0.2577777777777778,0.32
noisy,american,put,0.005,random_forest,ml,3000,1,0.3525709000005008,0.2057865279705974,0.2595221566137048,0.7609114707295833,0.2057865279705974,,,,,0.8888888888888884,0.0,1.222146933251558,0.0,0.5377777777777778,0.1777777777777777,0.2088888888888889,0.4044444444444444
noisy,american,put,0.005,grad_boosting,ml,3000,1,1.4203539000000092,0.1987612974255617,0.2572824146049887,0.904785972073599,0.1987612974255617,,,,,2.6111111111111085,0.0,0.92959803361458,0.0,0.5644444444444444,0.1555555555555555,0.32,0.4044444444444444
noisy,american,put,0.005,mlp_tanh,dl,3000,1,8.816608800000722,0.2628353843455278,0.3757933723929842,1.787546799543423,0.2628353843455278,,,,,1.2777777777777752,0.0,1.234796436453266,0.0476190476190476,0.1911111111111111,0.2044444444444444,0.2755555555555555,0.1511111111111111
noisy,american,put,0.005,mlp_relu,dl,3000,1,8.191473799999585,0.0624193255510557,0.0852469512979205,0.3178817033767545,0.0624193255510557,,,,,1.0000000000000009,0.0,0.4965530672946487,0.0,0.1644444444444444,0.0222222222222222,0.1288888888888889,0.2311111111111111
noisy,american,put,0.005,resnet_silu,dl,3000,1,15.583221299999424,0.0932669878871889,0.136421291893122,0.8174104253082702,0.0932669878871889,,,,,1.2777777777777788,0.0,0.6321538605446746,0.0,0.1066666666666666,0.0266666666666666,0.1911111111111111,0.3244444444444444
noisy,american,put,0.005,fourier_mlp,dl,3000,1,9.460681900000054,0.2727612386935769,0.3553135679165815,1.2996198245422343,0.2727612386935769,,,,,1.666666666666667,0.0,1.472718265533309,0.0,0.4533333333333333,0.2844444444444444,0.3155555555555555,0.4577777777777778
noisy,american,put,0.005,picnn,dl,3000,1,24.111119700000017,0.661308693523,0.8227757808061996,3.2487233737736174,0.661308693523,,,,,1.7777777777777806,0.0,4.295593523997122,0.0,0.0,0.0755555555555555,0.6177777777777778,0.1066666666666666
noisy,american,put,0.005,bs_iv_net,dl,3000,1,9.131105200000093,0.028387701938895,0.0477383514598033,0.1718914508819558,0.028387701938895,,,,,0.5000000000000029,0.0,0.1370784586036381,0.0,0.0533333333333333,0.0088888888888888,0.1111111111111111,0.08
extrapolate,european,call,0.0,pinn_n1,pinn,0,0,113.52982490000068,0.776418200630313,0.9215867062713116,1.5517412068297265,0.1906682273166326,0.8665335811401099,0.0332987680631244,0.310664319831323,0.0087098020035797,,,,,0.3955555555555555,0.1822222222222222,0.0177777777777777,
extrapolate,european,call,0.0,pinn_n0,pinn,0,0,113.96021939999991,6.687176902423259,8.208477741475367,18.384819924670325,4.050502536945467,7.092819112496765,0.1756233800827651,1.0016434046334393,0.2171569438521162,,,,,0.4888888888888889,0.48,0.3511111111111111,
extrapolate,european,call,0.0,poly_ridge,ml,50,0,0.0013189999990572,179.75889908866333,379.2738659638557,1422.3582220419644,0.0753411509210167,207.40252338677752,12.472514812043666,72.37041937507287,10.719280055240818,,,,,0.7777777777777778,0.5377777777777778,0.5733333333333334,
extrapolate,european,call,0.0,kernel_ridge,ml,50,0,0.0973866000003909,20.14186048696797,32.07024259486172,83.7623713635597,0.0058033174896907,23.23971543611848,0.7901331600340687,3.612264038175399,0.7235082767319049,,,,,0.3733333333333333,0.5333333333333333,0.5333333333333333,
extrapolate,european,call,0.0,random_forest,ml,50,0,0.3128311000000394,19.642000135791164,29.71158214741253,67.84260523325312,0.4473926075619814,22.59501667859566,0.581313788341521,2.40265093932442,0.1315230331163341,,,,,0.1866666666666666,0.0088888888888888,0.5733333333333334,
extrapolate,european,call,0.0,grad_boosting,ml,50,0,0.3122644000013679,19.680636235807427,29.75570748905536,67.73427050469698,0.4118031585969786,22.645072093839804,0.5770849114699427,2.294702980661441,0.1517336362412753,,,,,0.1866666666666666,0.0044444444444444,0.56,
extrapolate,european,call,0.0,mlp_tanh,dl,50,0,3.5262974000015674,8.659571515076141,15.378202953221631,44.30679694395603,0.2135465799812624,9.958959966629202,0.4174384991090303,1.244274597467928,0.0921516046829991,,,,,0.52,0.3511111111111111,0.4533333333333333,
extrapolate,european,call,0.0,mlp_relu,dl,50,0,3.6264088000007177,8.894616803714248,13.690980300229954,34.57648769598545,0.066463178886197,10.252794284457025,0.2931329915055322,0.8870233115105753,0.0662407306689834,,,,,0.3688888888888889,0.0,0.6844444444444444,
extrapolate,european,call,0.0,resnet_silu,dl,50,0,5.337437099999079,5.158181013165933,8.696289857718284,29.900246703810083,0.0771355355885046,5.939880317408615,0.2540621611467914,0.9562011890555212,0.1326520117931733,,,,,0.0,0.6444444444444445,0.0177777777777777,
extrapolate,european,call,0.0,fourier_mlp,dl,50,0,3.314266100000168,25.510940282819405,35.65344923042412,80.47914658105574,0.9869312055083808,29.28386475625187,0.7259428359286477,8.476917473394487,0.517056608694441,,,,,0.4711111111111111,0.4488888888888889,0.5955555555555555,
extrapolate,european,call,0.0,picnn,dl,50,0,10.584184400000597,10.706109765372892,14.166959805219578,31.10884443502964,1.1598537419689785,12.174764538204265,0.4076373656922303,0.7991579156931571,0.1249664868745135,,,,,0.0,0.0,0.7377777777777778,
extrapolate,european,call,0.0,bs_iv_net,dl,50,0,4.147987600001216,0.0020669682624514,0.0044644891850127,0.0195179651067523,0.0004550148744743,0.002314961091371,0.0007611211927687,0.0047459172523625,0.0003494156691526,,,,,0.0,0.0,0.0,
extrapolate,european,call,0.0,poly_ridge,ml,200,0,0.0013676000016857,151.39080691787618,325.74867567172595,1289.011201774192,0.0497292220663842,174.67404964030845,10.716145113577811,61.52219482152532,8.559072900784235,,,,,0.8177777777777778,0.5733333333333334,0.6533333333333333,
extrapolate,european,call,0.0,kernel_ridge,ml,200,0,0.1430831999987276,17.794489219502577,29.999017688570472,82.69512580682114,0.0072339864832958,20.530990024582465,0.7454457267650342,2.978307613839759,0.4613020870965826,,,,,0.3688888888888889,0.4577777777777778,0.5688888888888889,
extrapolate,european,call,0.0,random_forest,ml,200,0,0.308055499999682,18.778722099077765,28.765354644521302,65.90864293728204,0.2913519960994724,21.622932884151343,0.5564708439136826,2.2819599737271488,0.1497215481625545,,,,,0.0977777777777777,0.0,0.5466666666666666,
extrapolate,european,call,0.0,grad_boosting,ml,200,0,0.3137260999992577,18.986161731081225,29.014151773221403,66.21137984363642,0.237097325961873,21.87063317802266,0.5642987275414661,2.0558200807915217,0.1441024944103711,,,,,0.08,0.0133333333333333,0.5511111111111111,
extrapolate,european,call,0.0,mlp_tanh,dl,200,0,4.101286299999629,10.364341088245956,17.709083213231832,49.90879014711918,0.2084006826398391,11.926793458339205,0.4723500755742305,1.3259088705276374,0.0975225302540566,,,,,0.5288888888888889,0.4133333333333333,0.4755555555555555,
extrapolate,european,call,0.0,mlp_relu,dl,200,0,3.817468900000677,11.011466812889836,17.26468261503275,42.985737478547705,0.0522552451138942,12.69749936177844,0.3614681166244747,0.9755027661617524,0.0713486703957599,,,,,0.3377777777777778,0.0,0.6711111111111111,
extrapolate,european,call,0.0,resnet_silu,dl,200,0,6.40580829999999,3.792864350652942,6.402334060092856,22.90053948182522,0.0734135531871607,4.365087550263062,0.1979617595266897,0.7770085601358998,0.1243121362605695,,,,,0.0,0.6266666666666667,0.0933333333333333,
extrapolate,european,call,0.0,fourier_mlp,dl,200,0,3.991311699999642,25.103525258591752,35.52746667337892,81.67828251040183,0.3099225472342461,28.91792567572368,0.7148827712868109,7.062435203069022,0.4286855614184264,,,,,0.4533333333333333,0.44,0.5822222222222222,
extrapolate,european,call,0.0,picnn,dl,200,0,11.729750800001057,11.87041957579506,15.917593206786762,37.75720451390944,1.0729599176886375,13.531567215503737,0.4173244226095087,0.7993162147969087,0.0658729841344083,,,,,0.0,0.0,0.7733333333333333,
extrapolate,european,call,0.0,bs_iv_net,dl,200,0,4.788786500001152,0.0019727644764545,0.004219348782944,0.0182722280309466,0.000413917143091,0.0022125871431258,0.0007626518157833,0.0047531107819022,0.00033860587807,,,,,0.0,0.0,0.0,
extrapolate,european,call,0.0,poly_ridge,ml,1000,0,0.0016040000009525,143.56972735716877,335.0937144338854,1752.6691853992395,0.0380909590839415,165.65151757225877,10.153997360981592,59.79492091612294,12.208992382604388,,,,,0.6888888888888889,0.5288888888888889,0.6666666666666666,
extrapolate,european,call,0.0,kernel_ridge,ml,1000,0,1.480608799998663,34.636064571515405,75.89684632379281,328.23270598440087,0.0037412317595099,39.96411431609323,1.6405885667400597,14.00841588024948,3.3841193361607527,,,,,0.5111111111111111,0.5333333333333333,0.6444444444444445,
extrapolate,european,call,0.0,random_forest,ml,1000,0,0.3212667999996483,18.625445739948297,28.6710737622787,65.71103976963504,0.1083444632007388,21.47423055175561,0.5486725596166968,1.7470669788366031,0.146307266281961,,,,,0.0711111111111111,0.0,0.5422222222222223,
extrapolate,european,call,0.0,grad_boosting,ml,1000,0,1.0346130000016274,18.61359158227624,28.65471183496929,65.58933611735725,0.1011513061248054,21.461659317068765,0.5510073744700147,1.6747364910075613,0.1479439588899122,,,,,0.0666666666666666,0.0,0.5377777777777778,
extrapolate,european,call,0.0,mlp_tanh,dl,1000,0,5.316024100000504,7.921611557524809,14.18978253927171,42.85436884146274,0.2043975122193612,9.10887525680257,0.4304577998071928,1.4508726653283934,0.1065396470047098,,,,,0.52,0.4044444444444444,0.4044444444444444,
extrapolate,european,call,0.0,mlp_relu,dl,1000,0,5.15187270000024,9.874494856003158,15.514135936320212,39.878928816133154,0.0605543087160716,11.384331863278096,0.3320611559123196,0.926107007000641,0.077974822070935,,,,,0.3288888888888889,0.0,0.6755555555555556,
extrapolate,european,call,0.0,resnet_silu,dl,1000,0,9.691114699999162,3.753414930387888,6.339412009818461,22.0897851826614,0.0685161712968388,4.320322431786511,0.1938382823828978,0.7501122953179202,0.1129967441243732,,,,,0.0,0.6133333333333333,0.0933333333333333,
extrapolate,european,call,0.0,fourier_mlp,dl,1000,0,6.277184900000066,24.97302738131117,35.584955286852264,81.0179803929349,0.0452206209184063,28.808074575217752,0.7186406761402897,8.892612729510473,0.4964164813606631,,,,,0.4133333333333333,0.4622222222222222,0.5733333333333334,
extrapolate,european,call,0.0,picnn,dl,1000,0,15.675973400000656,11.115307206000576,14.632352123888287,33.34693626146854,1.0886432491283144,12.657870891673232,0.4015205101726352,0.7993086275432099,0.0614061891039664,,,,,0.0,0.0,0.7866666666666666,
extrapolate,european,call,0.0,bs_iv_net,dl,1000,0,5.748050600001079,0.0019345647420138,0.0041358274986401,0.0179265210912493,0.0004185000472618,0.0021678054642833,0.0007609391371037,0.0047170437699182,0.0003365686121698,,,,,0.0,0.0,0.0,
extrapolate,european,call,0.0,poly_ridge,ml,3000,0,0.002365300000747,119.88939691150532,315.86628722093576,1992.695586487978,0.0243239797706057,138.33017736254146,8.563974728556627,50.554445957773325,15.288365504212123,,,,,0.4844444444444444,0.5644444444444444,0.4311111111111111,
extrapolate,european,call,0.0,kernel_ridge,ml,3000,0,13.316090499998609,55.83571479044503,128.96736831052593,637.6018448084776,0.0022934440625249,64.42547192065774,3.0863427779670323,25.71613036759845,5.5299532629709445,,,,,0.3777777777777777,0.6133333333333333,0.3288888888888889,
extrapolate,european,call,0.0,random_forest,ml,3000,0,0.338350599999103,18.473349634728745,28.524313711547894,65.42449896005441,0.0645878647164643,21.30546683011525,0.5457565681339386,1.7501642059463576,0.1575565020873775,,,,,0.04,0.0,0.5333333333333333,
extrapolate,european,call,0.0,grad_boosting,ml,3000,0,1.0722052000000986,18.49127532968227,28.555664302581437,65.45368716873148,0.0617539446266085,21.32658631199853,0.5479343848754058,1.6455464933945874,0.1477969082875174,,,,,0.0533333333333333,0.0,0.5333333333333333,
extrapolate,european,call,0.0,mlp_tanh,dl,3000,0,8.40120190000016,9.53320221006279,16.602699199030006,47.83288255911411,0.1931459168908614,10.970133947473856,0.4560701423203964,1.3630464768764825,0.1030031225387652,,,,,0.52,0.3911111111111111,0.4577777777777778,
extrapolate,european,call,0.0,mlp_relu,dl,3000,0,7.866030600000158,6.414691250632791,10.32185561853762,28.387969887071264,0.0495923331392395,7.393937237939492,0.2332695275453941,0.9793257794917912,0.0751949354539351,,,,,0.3822222222222222,0.0,0.6355555555555555,
extrapolate,european,call,0.0,resnet_silu,dl,3000,0,15.273582000001625,2.3649693315159364,3.938191128107929,15.193277442640651,0.0630291167104283,2.719113979947553,0.129048344504417,0.5432491006179018,0.1052524120735953,,,,,0.0,0.5644444444444444,0.1822222222222222,
extrapolate,european,call,0.0,fourier_mlp,dl,3000,0,9.494440899999972,24.92823204688938,35.62712703267587,81.01528849816523,0.0199204372897078,28.760279986827783,0.7112120731484616,8.74203725260427,0.5031285875511738,,,,,0.4088888888888889,0.4444444444444444,0.5777777777777777,
extrapolate,european,call,0.0,picnn,dl,3000,0,23.56993280000097,10.908715565829024,14.405084227047857,34.21286956053318,1.0783272745748882,12.42108299525274,0.4005990146378796,0.7993076740189076,0.0790752855785913,,,,,0.0,0.0,0.7777777777777778,
extrapolate,european,call,0.0,bs_iv_net,dl,3000,0,8.677287599999545,0.0019374149789701,0.0041432650724911,0.0179622838781146,0.0004173669381293,0.0021712685237148,0.0007610644266227,0.0047390846271109,0.0003369988135337,,,,,0.0,0.0,0.0,
extrapolate,european,call,0.0,poly_ridge,ml,50,1,0.0012783000001945,142.00446945275883,300.1584030749878,1113.4253809735328,0.0601533722463688,163.84205654206846,9.749801973385733,57.02689663498264,7.416093010799157,,,,,0.7733333333333333,0.52,0.7733333333333333,
extrapolate,european,call,0.0,kernel_ridge,ml,50,1,0.0974009999990812,18.403661284315117,30.769467993188925,81.8141706008366,0.01383474731688,21.232865366930227,0.6860785960224253,2.191230351022308,0.3100108558080232,,,,,0.4888888888888889,0.4711111111111111,0.6622222222222223,
extrapolate,european,call,0.0,random_forest,ml,50,1,0.3190967999998975,19.287510137781545,29.23760005064413,66.9872761241589,0.559287094195322,22.1687752214102,0.568895158967424,3.0015828544754126,0.1821046440462652,,,,,0.1022222222222222,0.0088888888888888,0.5644444444444444,
extrapolate,european,call,0.0,grad_boosting,ml,50,1,0.3180212000006577,19.38030127484441,29.36678209782986,66.97920839699239,0.4088356180779766,22.29898829896232,0.5742948652471671,2.6752453467056463,0.1621207365732105,,,,,0.08,0.0177777777777777,0.5866666666666667,
extrapolate,european,call,0.0,mlp_tanh,dl,50,1,3.521104800000103,10.14774889097376,17.77704875787877,47.59880159414015,0.20955255525186,11.676702173392512,0.4157154395469945,1.0579986502847347,0.074629075238857,,,,,0.5466666666666666,0.2088888888888889,0.5733333333333334,
extrapolate,european,call,0.0,mlp_relu,dl,50,1,3.7240525999986858,7.75337413518655,12.115701135974067,30.554515278154028,0.0595587889683506,8.937038034604736,0.2670730096859458,0.7115858563212751,0.0642968438673385,,,,,0.3866666666666666,0.0088888888888888,0.5377777777777778,
extrapolate,european,call,0.0,resnet_silu,dl,50,1,5.291931300000215,1.5727797502801244,2.6063589171289427,12.121355378813137,0.0781520217347323,1.802722477748646,0.0919058765610625,0.4317882750653431,0.0962895301598528,,,,,0.0133333333333333,0.5066666666666667,0.1866666666666666,
extrapolate,european,call,0.0,fourier_mlp,dl,50,1,3.349390299999868,26.482495230575736,37.05575003908901,84.32346404540884,0.7160437722971412,30.44656468569552,0.763904675667696,9.262323324273405,0.5347088120977858,,,,,0.4933333333333333,0.4755555555555555,0.6,
extrapolate,european,call,0.0,picnn,dl,50,1,10.676409699999567,8.583943539273752,11.04825863980353,30.482393657975805,1.0317693911533083,9.745816485138436,0.3070748464257201,0.725449014444485,0.1059352046950661,,,,,0.0,0.0,0.7911111111111111,
extrapolate,european,call,0.0,bs_iv_net,dl,50,1,4.24304310000116,0.0019179014519862,0.00458627441341,0.0224963655131249,0.0004461300612958,0.0021443278197847,0.0007234948668237,0.0043801287199613,0.0003579562156713,,,,,0.0,0.0,0.0,
extrapolate,european,call,0.0,poly_ridge,ml,200,1,0.0013331999998626,151.3343755623576,321.0435122890803,1256.7900182549583,0.0461924748241077,174.60948065274735,10.292613903601351,58.99193792096308,7.8702724481808195,,,,,0.7866666666666666,0.4977777777777777,0.76,
extrapolate,european,call,0.0,kernel_ridge,ml,200,1,0.1436565000003611,17.366290584076697,29.888996168097147,82.81463526971086,0.0055610403856902,20.037172052336853,0.7762976802393632,3.105567757234049,0.4198738765510959,,,,,0.3822222222222222,0.4844444444444444,0.52,
extrapolate,european,call,0.0,random_forest,ml,200,1,0.3096913000008499,18.84409875450021,28.85786699366116,66.13477463518527,0.2373852190599569,21.706670067644865,0.5556207718100886,2.5428665239337462,0.1854826848155472,,,,,0.0844444444444444,0.0,0.5466666666666666,
extrapolate,european,call,0.0,grad_boosting,ml,200,1,0.3188172000009217,19.332628006809053,29.395513288117066,66.88195663418692,0.2414480639020346,22.26973261341013,0.5806880836327336,1.2932707501079717,0.0698240135823779,,,,,0.08,0.0044444444444444,0.56,
extrapolate,european,call,0.0,mlp_tanh,dl,200,1,3.993430599999556,14.74649210841732,23.93694200864157,59.23956827271329,0.2176327748688092,16.981701236655553,0.5385221325025581,1.155927471746539,0.0802702577959099,,,,,0.4,0.5111111111111111,0.52,
extrapolate,european,call,0.0,mlp_relu,dl,200,1,3.941896800000905,7.842225179742633,12.438447157667133,31.123122727685583,0.0324417829276957,9.043730317714164,0.275660451299702,0.7442345464314816,0.0657534158570237,,,,,0.4355555555555555,0.0,0.5644444444444444,
extrapolate,european,call,0.0,resnet_silu,dl,200,1,6.338291300000492,1.6591350164005776,2.7976381129312595,12.27241143006741,0.0777435970328694,1.9024260039956096,0.0973738464589709,0.4285154861873018,0.0861652806739345,,,,,0.0222222222222222,0.5422222222222223,0.1377777777777777,
extrapolate,european,call,0.0,fourier_mlp,dl,200,1,3.873269100000471,25.69830117202721,36.3735246406372,81.8447110618946,0.1488202504960447,29.62899054457047,0.7590744369588917,9.696114248837246,0.5269695978100137,,,,,0.4266666666666667,0.4533333333333333,0.5866666666666667,
extrapolate,european,call,0.0,picnn,dl,200,1,11.889044999999896,9.69892182010652,12.310510004857754,26.752747636201,1.0450818898817429,11.030281809371871,0.3253355834494213,0.7347047538069238,0.0530825705520269,,,,,0.0,0.0,0.8088888888888889,
extrapolate,european,call,0.0,bs_iv_net,dl,200,1,4.728174800000488,0.0017896285570682,0.0042242216065737,0.0206247796671776,0.000410585984095,0.0020017889529103,0.0007295280113896,0.0043523030729239,0.0003455239497438,,,,,0.0,0.0,0.0,
extrapolate,european,call,0.0,poly_ridge,ml,1000,1,0.0015595000004395,152.81066581566236,334.9197854523617,1652.4389881309296,0.0335819981970432,176.31483255681087,10.37650939464626,59.90441249601536,10.876303474224766,,,,,0.7066666666666667,0.5511111111111111,0.7333333333333333,
extrapolate,european,call,0.0,kernel_ridge,ml,1000,1,1.47560010000052,31.039736385675397,54.40514666393536,200.1357127297795,0.0034406830074661,35.81455110916277,1.157997086234199,8.94942102475518,2.9002038714451306,,,,,0.4577777777777778,0.5155555555555555,0.6488888888888888,
extrapolate,european,call,0.0,random_forest,ml,1000,1,0.3322488999983761,18.645979665642315,28.71376746158813,65.89217702643604,0.0873914615767278,21.50114708165241,0.5478573310265031,1.7072003292385625,0.1520531575408513,,,,,0.0755555555555555,0.0,0.5377777777777778,
extrapolate,european,call,0.0,grad_boosting,ml,1000,1,1.0237049000006664,18.670351563943,28.75291900483044,65.85649097950306,0.048935621527828,21.53518478585303,0.5482666265283611,1.6843226333639794,0.1453111228558574,,,,,0.0755555555555555,0.0,0.5422222222222223,
extrapolate,european,call,0.0,mlp_tanh,dl,1000,1,18.470515799999703,14.275687880993932,23.39320855021748,58.24454588767618,0.2043751575742691,16.440505223058498,0.52544322096327,1.1405092174281142,0.0786052594941778,,,,,0.4,0.5022222222222222,0.5155555555555555,
extrapolate,european,call,0.0,mlp_relu,dl,1000,1,8.044985100001213,7.594584363522936,12.091477842837902,30.309441840463293,0.0293787597081166,8.758462148725219,0.2665696591969256,0.7256113584465256,0.0597774907676584,,,,,0.52,0.0177777777777777,0.5377777777777778,
extrapolate,european,call,0.0,resnet_silu,dl,1000,1,9.9472756999985,2.0095158521310927,3.4589481774749657,14.296436155027736,0.06980901449298,2.307932288690802,0.1126943312423843,0.4766645165445337,0.0851985779088222,,,,,0.0133333333333333,0.5644444444444444,0.0622222222222222,
extrapolate,european,call,0.0,fourier_mlp,dl,1000,1,6.177009900000485,25.5866584632335,36.267931293224,81.36999955433578,0.0327016868918262,29.51803642882453,0.7611097590279633,9.824850648264585,0.5354571231805215,,,,,0.4311111111111111,0.44,0.5688888888888889,
extrapolate,european,call,0.0,picnn,dl,1000,1,16.543741399998908,8.680504777243897,11.009302368928862,24.34309140425266,1.003311153505298,9.8616114885883,0.2925999946462563,0.7409724574715162,0.0583479049117846,,,,,0.0,0.0,0.8,
extrapolate,european,call,0.0,bs_iv_net,dl,1000,1,7.752141499999197,0.0017980656353498,0.0042556803941484,0.0207648505823998,0.0004138467982477,0.0020110223795193,0.0007289360817731,0.0043656766313346,0.0003461039662267,,,,,0.0,0.0,0.0,
extrapolate,european,call,0.0,poly_ridge,ml,3000,1,0.0021657999986928,116.32961689821674,309.2369689266122,1946.8990141113532,0.0236789816774523,134.2228381161459,8.322743971478953,49.421294687559424,14.808103483738131,,,,,0.5022222222222222,0.5511111111111111,0.44,
extrapolate,european,call,0.0,kernel_ridge,ml,3000,1,14.370294000000284,48.32606079010656,102.43810051900688,494.7492494771266,0.0023573721474765,55.7604767005618,2.7466578939298345,21.433943442645123,4.760573945159223,,,,,0.3777777777777777,0.6266666666666667,0.3288888888888889,
extrapolate,european,call,0.0,random_forest,ml,3000,1,0.3484834999999293,18.511229413927577,28.574320759988563,65.55280308387411,0.0510406943999574,21.351258447701056,0.545959629736911,1.6347231275337355,0.1513273998082576,,,,,0.0488888888888888,0.0,0.5333333333333333,
extrapolate,european,call,0.0,grad_boosting,ml,3000,1,1.1110678000004557,18.51756302665001,28.58997157710071,65.57714631666136,0.045756744977259,21.35937937767659,0.5464748424332178,1.5432425205249556,0.1441485027534663,,,,,0.0488888888888888,0.0,0.5333333333333333,
extrapolate,european,call,0.0,mlp_tanh,dl,3000,1,9.389849200000754,15.108202939185515,24.573263096959185,60.94407443320952,0.1940141798150569,17.402693517550205,0.5475268417554106,1.162575234689325,0.0750336938603965,,,,,0.4177777777777778,0.5288888888888889,0.52,
extrapolate,european,call,0.0,mlp_relu,dl,3000,1,8.451394199999413,6.345196586969015,10.158468524969964,26.13563553076328,0.0226716913449546,7.317892724757333,0.2274527417173352,0.652604357597062,0.0550513352395088,,,,,0.3822222222222222,0.0,0.5333333333333333,
extrapolate,european,call,0.0,resnet_silu,dl,3000,1,16.573492700001225,1.958825805812168,3.3805634860784104,14.378022992796293,0.0628369132953298,2.250516404660912,0.1104097765343347,0.4820202107413951,0.0958795008983201,,,,,0.0,0.5555555555555556,0.1288888888888889,
extrapolate,european,call,0.0,fourier_mlp,dl,3000,1,10.073109799999656,25.56780805922836,36.26312092690555,81.86961015719146,0.0275685192499824,29.49707568076349,0.7594484504761424,10.1935892001967,0.5543141262265735,,,,,0.4088888888888889,0.4577777777777778,0.5733333333333334,
extrapolate,european,call,0.0,picnn,dl,3000,1,26.4640789999994,7.96194626558659,10.122151937072204,24.91358534079136,0.9778705003401164,9.036419460239896,0.2750316319534193,0.7378398133750349,0.0771728126892087,,,,,0.0,0.0,0.7822222222222223,
extrapolate,european,call,0.0,bs_iv_net,dl,3000,1,9.96521650000068,0.0018063446113884,0.0042617435182048,0.0207529296534447,0.0004152856916255,0.0020203536759673,0.0007287277894785,0.0043658652565549,0.0003456251064341,,,,,0.0,0.0,0.0,
full,european,call,0.0,pinn_n1,pinn,0,0,113.52982490000068,0.776418200630313,0.9215867062713116,1.5517412068297265,0.776418200630313,,0.0332987680631244,0.310664319831323,0.0087098020035797,,,,,0.3955555555555555,0.1822222222222222,0.0177777777777777,
full,european,call,0.0,pinn_n0,pinn,0,0,113.96021939999991,6.687176902423259,8.208477741475367,18.384819924670325,6.687176902423259,,0.1756233800827651,1.0016434046334393,0.2171569438521162,,,,,0.4888888888888889,0.48,0.3511111111111111,
full,european,call,0.0,poly_ridge,ml,50,0,0.0012841000007028,0.4356750569529379,0.806963115938495,4.211256528132901,0.4356750569529379,,0.0385093065666461,0.4172180735588904,0.0940119408222457,,,,,0.2666666666666666,0.2222222222222222,0.3066666666666666,
full,european,call,0.0,kernel_ridge,ml,50,0,0.0958631000012246,0.6007811296111596,0.8096953550528456,3.590844902980744,0.6007811296111596,,0.0457993097867731,0.4723114393373798,0.0333710602472064,,,,,0.2222222222222222,0.2533333333333333,0.4222222222222222,
full,european,call,0.0,random_forest,ml,50,0,0.3012373000001389,1.4190493884419046,1.9704874349549104,6.175942172996174,1.4190493884419046,,0.1869714069641077,20.7882956786524,1.069706819885813,,,,,0.28,0.1555555555555555,0.3155555555555555,
full,european,call,0.0,grad_boosting,ml,50,0,0.3300548000006529,1.5958215965878269,2.016948167345946,5.396236097452039,1.5958215965878269,,0.283545487319438,33.19071229356856,1.7813818999171953,,,,,0.24,0.2177777777777777,0.48,
full,european,call,0.0,mlp_tanh,dl,50,0,3.628378299999895,0.474624303120602,0.7099430379565942,3.7614323810992167,0.474624303120602,,0.0324736630219421,0.3005108655439623,0.0365980350683508,,,,,0.0311111111111111,0.24,0.4222222222222222,
full,european,call,0.0,mlp_relu,dl,50,0,3.6767448999999033,0.2951607772523134,0.6470981374906019,4.138275297111028,0.2951607772523134,,0.0321756851945198,0.7555606266897501,0.048836674032768,,,,,0.16,0.0622222222222222,0.2044444444444444,
full,european,call,0.0,resnet_silu,dl,50,0,5.432689499999469,0.2066262491378368,0.3932388948134265,2.5016263739523814,0.2066262491378368,,0.0198449765167579,0.242961467919144,0.0166195065607355,,,,,0.0666666666666666,0.0177777777777777,0.2577777777777778,
full,european,call,0.0,fourier_mlp,dl,50,0,3.278221099999428,23.975810792197667,30.798063434227107,98.4256064400944,23.975810792197667,,2.9029386919888487,95.75503141852306,5.774224952960218,,,,,0.5155555555555555,0.9066666666666666,0.4222222222222222,
full,european,call,0.0,picnn,dl,50,0,10.82551760000024,1.626149052172414,2.054286836213391,7.009194852536671,1.626149052172414,,0.0890419926684657,0.7608719127105105,0.1163628607049096,,,,,0.0,0.0844444444444444,0.5733333333333334,
full,european,call,0.0,bs_iv_net,dl,50,0,4.298933000000034,0.0004647175974819,0.0008331599361682,0.0042214377465321,0.0004647175974819,,0.0007924861880151,0.004555584986752,0.0002817529651308,,,,,0.0,0.0,0.0,
full,european,call,0.0,poly_ridge,ml,200,0,0.0013309999994817,0.3753074400297432,0.5288291124338331,2.4673121923337926,0.3753074400297432,,0.0404351285181702,0.4385819710267737,0.0256415894409299,,,,,0.2755555555555555,0.2311111111111111,0.3022222222222222,
full,european,call,0.0,kernel_ridge,ml,200,0,0.1473256000008405,0.0385697488774401,0.0899172170675171,0.6794306596127675,0.0385697488774401,,0.005143642185005,0.0976709647565748,0.0264712964007801,,,,,0.0933333333333333,0.0088888888888888,0.0488888888888888,
full,european,call,0.0,random_forest,ml,200,0,0.3117442999991908,0.7429427711348094,0.9962940171021654,3.641410406913502,0.7429427711348094,,0.0983474293354515,12.271152991103936,0.6756583057890554,,,,,0.2844444444444444,0.1422222222222222,0.2488888888888888,
full,european,call,0.0,grad_boosting,ml,200,0,0.3151047999999719,0.7227001273519061,0.9884776858510872,3.043204880140676,0.7227001273519061,,0.1135030229405039,17.022510812828305,0.866901657148775,,,,,0.4355555555555555,0.1511111111111111,0.4311111111111111,
full,european,call,0.0,mlp_tanh,dl,200,0,4.054017600001316,0.4592504890265635,0.6169691312254472,2.8612100200114177,0.4592504890265635,,0.0442812821150881,0.4170820274766983,0.0178228513345138,,,,,0.0933333333333333,0.3288888888888889,0.4666666666666667,
full,european,call,0.0,mlp_relu,dl,200,0,3.8455288000004657,0.0871115003709629,0.1426414374649538,0.8862216000607215,0.0871115003709629,,0.0145084361216303,0.6817779428519758,0.034971708656677,,,,,0.1644444444444444,0.0133333333333333,0.0888888888888888,
full,european,call,0.0,resnet_silu,dl,200,0,6.365993000001254,0.1202657277128658,0.174623430978274,1.118948371833317,0.1202657277128658,,0.0131066937120485,0.1777802640094543,0.0080638491321985,,,,,0.0933333333333333,0.0533333333333333,0.2266666666666666,
full,european,call,0.0,fourier_mlp,dl,200,0,3.804740699999456,17.405843157562117,23.947806182252933,69.91341723993915,17.405843157562117,,2.4415882282319834,74.71140431228372,4.915862208659294,,,,,0.4888888888888889,0.8933333333333333,0.3333333333333333,
full,european,call,0.0,picnn,dl,200,0,11.761493300000438,1.1132024312873168,1.3114472643829578,4.017172815030568,1.1132024312873168,,0.0640985305590815,0.5716175230021946,0.0321133665800316,,,,,0.0,0.0844444444444444,0.5822222222222222,
full,european,call,0.0,bs_iv_net,dl,200,0,4.835326599999462,0.000313518921488,0.0005227940683612,0.0017478449883534,0.000313518921488,,0.0008097173710936,0.0047676552570618,0.0002840579171657,,,,,0.0,0.0,0.0,
full,european,call,0.0,poly_ridge,ml,1000,0,0.0015949000007822,0.3650380915292659,0.5156412685010989,2.460433541740581,0.3650380915292659,,0.0404446640675425,0.4388870279990207,0.0111331578065966,,,,,0.2755555555555555,0.2266666666666666,0.2888888888888888,
full,european,call,0.0,kernel_ridge,ml,1000,0,1.482902699999613,0.0018385647907402,0.0040722550012049,0.0229114220788625,0.0018385647907402,,0.0011079538853578,0.0184124223530331,0.0014110249761127,,,,,0.0177777777777777,0.0,0.0,
full,european,call,0.0,random_forest,ml,1000,0,0.3306444000008923,0.3175059652661138,0.4605675135004434,1.6266857914893171,0.3175059652661138,,0.0508416008061035,6.124148394602101,0.3190154526778674,,,,,0.4222222222222222,0.1866666666666666,0.1777777777777777,
full,european,call,0.0,grad_boosting,ml,1000,0,1.0252512999995815,0.3676530460552584,0.4850297387770556,1.426538863407205,0.3676530460552584,,0.057766170860437,8.142260176963752,0.4383043018409228,,,,,0.4755555555555555,0.2977777777777777,0.1422222222222222,
full,european,call,0.0,mlp_tanh,dl,1000,0,5.316900599998917,0.360342465787858,0.4926147262346707,2.437242926782124,0.360342465787858,,0.0357778983072625,0.3555080175890548,0.0155222861506248,,,,,0.08,0.2888888888888888,0.4044444444444444,
full,european,call,0.0,mlp_relu,dl,1000,0,5.11567819999982,0.0466107338334053,0.071279644218736,0.2799418079586058,0.0466107338334053,,0.0087334217675164,0.5793103456486093,0.0306175599860942,,,,,0.1555555555555555,0.0044444444444444,0.0711111111111111,
full,european,call,0.0,resnet_silu,dl,1000,0,9.826831899999888,0.1020358771733809,0.1521731988662115,1.0405153648314402,0.1020358771733809,,0.0115822654401793,0.1589709290395496,0.0069231562289904,,,,,0.0888888888888888,0.0444444444444444,0.2,
full,european,call,0.0,fourier_mlp,dl,1000,0,6.380298500000208,1.3407655409946448,2.267813913020778,15.687234193090497,1.3407655409946448,,0.2892386072220615,17.11121586824826,0.8564137766291349,,,,,0.4622222222222222,0.4177777777777778,0.3288888888888889,
full,european,call,0.0,picnn,dl,1000,0,15.678020600000307,1.196675725351137,1.4061074518578056,4.2949006573615005,1.196675725351137,,0.070518471813987,0.6292068551365637,0.0282391949629688,,,,,0.0,0.1155555555555555,0.5822222222222222,
full,european,call,0.0,bs_iv_net,dl,1000,0,5.928564599998936,0.0002716660577773,0.0004476051931234,0.0017765934417046,0.0002716660577773,,0.0008066598039919,0.0047321060184956,0.0002825332946963,,,,,0.0,0.0,0.0,
full,european,call,0.0,poly_ridge,ml,3000,0,0.0020385000007081,0.3734276243014756,0.513445261710029,2.1444875431211874,0.3734276243014756,,0.0406897395673952,0.4410067695778468,0.0066194604401839,,,,,0.2711111111111111,0.2311111111111111,0.3022222222222222,
full,european,call,0.0,kernel_ridge,ml,3000,0,13.292650199999116,0.0017076734523152,0.0037868474039029,0.0231921716343008,0.0017076734523152,,0.0010705838489562,0.0180079476641573,0.0010850158777879,,,,,0.0266666666666666,0.0,0.0,
full,european,call,0.0,random_forest,ml,3000,0,0.3282230999993771,0.1449344385078327,0.2234634684770414,0.9302269901400816,0.1449344385078327,,0.0285235720669572,2.887182515624892,0.1723352845184589,,,,,0.3555555555555555,0.1422222222222222,0.12,
full,european,call,0.0,grad_boosting,ml,3000,0,1.0765188000004855,0.1557237949787727,0.2136270392744272,0.7725828479206831,0.1557237949787727,,0.028934294384103,4.278171933869269,0.2322907130428634,,,,,0.32,0.1866666666666666,0.2177777777777777,
full,european,call,0.0,mlp_tanh,dl,3000,0,8.46706069999891,0.2249225519684332,0.3424229340848216,1.9509204344210551,0.2249225519684332,,0.0210816849736191,0.2515757546792523,0.0165603482201421,,,,,0.1022222222222222,0.0933333333333333,0.3466666666666667,
full,european,call,0.0,mlp_relu,dl,3000,0,7.910789600000498,0.0672803848827885,0.0940488706251595,0.375449937636596,0.0672803848827885,,0.0114114005647674,0.4882685613902247,0.0291694958504717,,,,,0.1155555555555555,0.0488888888888888,0.1022222222222222,
full,european,call,0.0,resnet_silu,dl,3000,0,15.290197199999966,0.1091071167937157,0.1507523193360256,0.9090185777602122,0.1091071167937157,,0.0118259463794772,0.1576853365385055,0.0064862433119258,,,,,0.0933333333333333,0.0444444444444444,0.2311111111111111,
full,european,call,0.0,fourier_mlp,dl,3000,0,9.551137099999323,0.1551255579691579,0.2200524480915307,1.2197281477981825,0.1551255579691579,,0.037332995967936,3.1467764750186813,0.1733177134217437,,,,,0.4,0.1733333333333333,0.2044444444444444,
full,european,call,0.0,picnn,dl,3000,0,23.56605969999873,1.210450501499311,1.3920492097142152,3.963024975484364,1.210450501499311,,0.0699917314728039,0.6235830966898068,0.0175703996950342,,,,,0.0,0.1111111111111111,0.5911111111111111,
full,european,call,0.0,bs_iv_net,dl,3000,0,8.818704299999808,0.000272146912198,0.0004474386715258,0.0017765934417046,0.000272146912198,,0.0008066490581625,0.0047332419865145,0.0002826352195537,,,,,0.0,0.0,0.0,
full,european,call,0.0,poly_ridge,ml,50,1,0.001270899998417,0.3219109964078195,0.4906507288824527,2.6298048074461344,0.3219109964078195,,0.0356499213647847,0.4224161288919687,0.0274980339153674,,,,,0.2755555555555555,0.1822222222222222,0.1911111111111111,
full,european,call,0.0,kernel_ridge,ml,50,1,0.0947284000012587,0.248743985232627,0.379585060724996,2.1045143830893287,0.248743985232627,,0.0308875289179743,0.3563888646796508,0.0123724898658738,,,,,0.2133333333333333,0.1911111111111111,0.2533333333333333,
full,european,call,0.0,random_forest,ml,50,1,0.3055937000008271,1.9383811167468457,2.782832958102993,9.231645820135892,1.9383811167468457,,0.3830175797790662,22.079575487873576,1.5125535118446574,,,,,0.48,0.2133333333333333,0.1866666666666666,
full,european,call,0.0,grad_boosting,ml,50,1,0.3223142000006191,1.832923705673148,2.6796149633327957,8.250949199561608,1.832923705673148,,0.3830981924225892,31.792380031321656,2.6783940464282283,,,,,0.4577777777777778,0.3155555555555555,0.2355555555555555,
full,european,call,0.0,mlp_tanh,dl,50,1,3.558673200001067,0.6829224586147018,1.108501473616599,5.143016637986653,0.6829224586147018,,0.0507977921265175,0.4870825758382954,0.029532449702609,,,,,0.0,0.1377777777777777,0.3155555555555555,
full,european,call,0.0,mlp_relu,dl,50,1,3.754963199999111,0.2806492161639534,0.4668283587789666,2.750055180614941,0.2806492161639534,,0.0268510923913102,0.6408463022087593,0.0381515484167849,,,,,0.1644444444444444,0.0755555555555555,0.1244444444444444,
full,european,call,0.0,resnet_silu,dl,50,1,5.450167099999817,0.2690523407413196,0.4404636816013493,2.696012021726124,0.2690523407413196,,0.0219493419424387,0.25744921988068,0.0179627898803017,,,,,0.08,0.0755555555555555,0.4,
full,european,call,0.0,fourier_mlp,dl,50,1,3.317748999999821,24.78644320315632,32.448807249973434,112.04539367420227,24.78644320315632,,3.37497986680102,104.15990641360538,6.329601497856175,,,,,0.4977777777777777,0.8933333333333333,0.4177777777777778,
full,european,call,0.0,picnn,dl,50,1,10.961172400000578,1.331625719900699,1.887018330533844,7.807055176919453,1.331625719900699,,0.0711398924965357,0.515103844034351,0.0550289339391319,,,,,0.0,0.0,0.4888888888888889,
full,european,call,0.0,bs_iv_net,dl,50,1,4.3150308999993285,0.0010395135321838,0.0019030028395575,0.0083699210228993,0.0010395135321838,,0.0007706187602735,0.004317591862248,0.0002804586520371,,,,,0.0,0.0,0.0,
full,european,call,0.0,poly_ridge,ml,200,1,0.0013510999997379,0.3498657542930673,0.4956751108962587,2.2276488026851227,0.3498657542930673,,0.039747914346564,0.4362399945912771,0.0270307497891811,,,,,0.2755555555555555,0.2222222222222222,0.24,
full,european,call,0.0,kernel_ridge,ml,200,1,0.1446937000000616,0.0455738815354901,0.0986519242308049,0.6749159484563834,0.0455738815354901,,0.0073515776769059,0.1306002260002236,0.0130175976762502,,,,,0.1155555555555555,0.0177777777777777,0.04,
full,european,call,0.0,random_forest,ml,200,1,0.3069876000008662,0.7809555203837619,1.1314980528627254,4.8115189292689005,0.7809555203837619,,0.1352257669991662,14.23864795057376,0.905525004796492,,,,,0.4044444444444444,0.2266666666666666,0.3022222222222222,
full,european,call,0.0,grad_boosting,ml,200,1,0.3040478000002622,0.8870189806996652,1.1979893974540734,3.7187538774599154,0.8870189806996652,,0.1335646507812543,17.36021585016668,0.787542447119474,,,,,0.3822222222222222,0.2,0.5155555555555555,
full,european,call,0.0,mlp_tanh,dl,200,1,4.037999500000296,0.4101834616348153,0.5565515413225532,2.665036605423443,0.4101834616348153,,0.0343811700694548,0.4119995664707541,0.0159390590990027,,,,,0.1777777777777777,0.0844444444444444,0.3866666666666666,
full,european,call,0.0,mlp_relu,dl,200,1,3.871765300000334,0.1442565490333096,0.2135150998214056,0.8982890032852144,0.1442565490333096,,0.0191033779764181,0.655924831267093,0.0345044134708965,,,,,0.16,0.0666666666666666,0.1066666666666666,
full,european,call,0.0,resnet_silu,dl,200,1,6.359903299999132,0.1189713804102057,0.1715949291535475,1.0124974564967082,0.1189713804102057,,0.0129170453051585,0.1716716696154857,0.0088504541989073,,,,,0.08,0.0355555555555555,0.1822222222222222,
full,european,call,0.0,fourier_mlp,dl,200,1,3.950421300000016,8.556633632823674,13.261080690674316,71.60501310092958,8.556633632823674,,1.432422613023862,53.9221628271474,3.366524544298403,,,,,0.4888888888888889,0.76,0.3822222222222222,
full,european,call,0.0,picnn,dl,200,1,12.133879700000762,1.3890518110849082,1.6068158442092029,4.341434003537648,1.3890518110849082,,0.0785791570063097,0.6970975256977716,0.0254404323399827,,,,,0.0,0.1333333333333333,0.5911111111111111,
full,european,call,0.0,bs_iv_net,dl,200,1,4.854916399999638,0.000459978062954,0.0007423779050256,0.0026657565178944,0.000459978062954,,0.0008127532494667,0.0048775016310539,0.0002839179172654,,,,,0.0,0.0,0.0,
full,european,call,0.0,poly_ridge,ml,1000,1,0.001799600000595,0.3667305127310838,0.5034674026370701,2.019915397689276,0.3667305127310838,,0.0400449793987922,0.4384122173957362,0.0069422429545089,,,,,0.2711111111111111,0.2311111111111111,0.2755555555555555,
full,european,call,0.0,kernel_ridge,ml,1000,1,1.5100304999996297,0.004206734638509,0.0097228074621137,0.0682956172529447,0.004206734638509,,0.0014826796287955,0.0295703397952133,0.0023693538172373,,,,,0.0533333333333333,0.0,0.0088888888888888,
full,european,call,0.0,random_forest,ml,1000,1,0.3272127000000182,0.3166355389566676,0.4769066896383991,1.956824027324053,0.3166355389566676,,0.0639842373687958,6.146730914925388,0.3418782724853147,,,,,0.28,0.2488888888888888,0.2222222222222222,
full,european,call,0.0,grad_boosting,ml,1000,1,1.0561500000003434,0.3666969563069279,0.5138127320427331,1.5851000563104345,0.3666969563069279,,0.0616466923058638,9.13874546276654,0.5302138040600923,,,,,0.4,0.3422222222222222,0.16,
full,european,call,0.0,mlp_tanh,dl,1000,1,5.320934399998805,0.4359400741214965,0.5808852850344658,2.529975088065617,0.4359400741214965,,0.0351893783654111,0.4091068576258629,0.0159061158945031,,,,,0.1644444444444444,0.1111111111111111,0.3866666666666666,
full,european,call,0.0,mlp_relu,dl,1000,1,5.209059099999649,0.0761895832133138,0.1021482893590342,0.3196729777995677,0.0761895832133138,,0.0115567642096013,0.5180713715263409,0.0291610771460769,,,,,0.1466666666666666,0.04,0.1244444444444444,
full,european,call,0.0,resnet_silu,dl,1000,1,9.826814000000011,0.1156210785771323,0.1651357536006376,0.9486783908066676,0.1156210785771323,,0.0125030351497009,0.1666066845030935,0.0082276569320083,,,,,0.0844444444444444,0.0355555555555555,0.1911111111111111,
full,european,call,0.0,fourier_mlp,dl,1000,1,6.3319961999986845,0.675568933276156,1.1062548449611704,6.285190459314836,0.675568933276156,,0.1655671329047213,9.460753162202986,0.5799957807229535,,,,,0.4355555555555555,0.3155555555555555,0.2933333333333333,
full,european,call,0.0,picnn,dl,1000,1,15.76056029999927,0.8641708806600056,1.0735526832369782,3.9667294041571535,0.8641708806600056,,0.0502742234892498,0.4546844273647616,0.0200653889897319,,,,,0.0,0.0977777777777777,0.5822222222222222,
full,european,call,0.0,bs_iv_net,dl,1000,1,5.7951692000006005,0.0003521994226824,0.0005519690858602,0.001627707890206,0.0003521994226824,,0.0008141532605161,0.0049016629802593,0.000284018303345,,,,,0.0,0.0,0.0,
full,european,call,0.0,poly_ridge,ml,3000,1,0.0021004999998694,0.3679186219597334,0.5086902389751506,2.1481987199048924,0.3679186219597334,,0.0401775758806254,0.4390453717263254,0.0060428156585651,,,,,0.2666666666666666,0.2133333333333333,0.2933333333333333,
full,european,call,0.0,kernel_ridge,ml,3000,1,13.32388440000068,0.0016989679260888,0.004132426598753,0.0324796434008844,0.0016989679260888,,0.0011003417017087,0.017993015613561,0.0012412280757712,,,,,0.0355555555555555,0.0,0.0,
full,european,call,0.0,random_forest,ml,3000,1,0.3315110999992612,0.145823372742117,0.2153338690600744,0.8519283261544497,0.145823372742117,,0.0324386600582186,3.7029710717678457,0.2158465079398707,,,,,0.4133333333333333,0.1777777777777777,0.16,
full,european,call,0.0,grad_boosting,ml,3000,1,1.0867137999994156,0.2138406225520514,0.2855549251662787,0.8495728656315857,0.2138406225520514,,0.035333289980901,4.861296909860616,0.2886160839914231,,,,,0.2844444444444444,0.1111111111111111,0.1822222222222222,
full,european,call,0.0,mlp_tanh,dl,3000,1,8.466189400000076,0.4010554092832697,0.549426066969267,2.61740280849313,0.4010554092832697,,0.035840960087903,0.4223404140051523,0.0171052118489959,,,,,0.2044444444444444,0.1244444444444444,0.3644444444444444,
full,european,call,0.0,mlp_relu,dl,3000,1,7.936267400000361,0.0712735868654896,0.0974671647942587,0.2980026097354815,0.0712735868654896,,0.0108962890848569,0.4841721825445456,0.0248882824849885,,,,,0.1155555555555555,0.0311111111111111,0.0933333333333333,
full,european,call,0.0,resnet_silu,dl,3000,1,15.343697699998302,0.1131042021249849,0.1692114394997936,1.0615960375723763,0.1131042021249849,,0.0125919402059372,0.1687664526636978,0.0083741915934585,,,,,0.0844444444444444,0.0355555555555555,0.1955555555555555,
full,european,call,0.0,fourier_mlp,dl,3000,1,9.552922599999874,0.1282385717136086,0.1833186530292676,0.922319598121124,0.1282385717136086,,0.0314584419598551,2.542291148868484,0.126585580888394,,,,,0.4088888888888889,0.1733333333333333,0.1866666666666666,
full,european,call,0.0,picnn,dl,3000,1,23.71766039999966,1.2390139914930578,1.4588797130619109,4.570655585950368,1.2390139914930578,,0.0734320177325413,0.6638922846298045,0.0141335365242666,,,,,0.0,0.1066666666666666,0.5911111111111111,
full,european,call,0.0,bs_iv_net,dl,3000,1,8.825724600001195,0.0003383107759725,0.0005389225463816,0.0018253310265614,0.0003383107759725,,0.0008116954221653,0.0048589836440135,0.0002824840571132,,,,,0.0,0.0,0.0,
noisy,european,call,0.005,pinn_n1,pinn,0,0,113.52982490000068,0.776418200630313,0.9215867062713116,1.5517412068297265,0.776418200630313,,0.0332987680631244,0.310664319831323,0.0087098020035797,,,,,0.3955555555555555,0.1822222222222222,0.0177777777777777,
noisy,european,call,0.005,pinn_n0,pinn,0,0,113.96021939999991,6.687176902423259,8.208477741475367,18.384819924670325,6.687176902423259,,0.1756233800827651,1.0016434046334393,0.2171569438521162,,,,,0.4888888888888889,0.48,0.3511111111111111,
noisy,european,call,0.005,poly_ridge,ml,50,0,0.0012676999995164,0.7210611290321955,1.028262916690272,4.798998485946782,0.7210611290321955,,0.0416678590359155,0.4262610842824819,0.1136327109366766,,,,,0.2666666666666666,0.2088888888888889,0.4,
noisy,european,call,0.005,kernel_ridge,ml,50,0,0.0992147999986627,0.6823579117297737,0.8926997003911686,3.65898890228572,0.6823579117297737,,0.0497498333006679,0.4890133986384404,0.0263957147825857,,,,,0.1866666666666666,0.2355555555555555,0.5377777777777778,
noisy,european,call,0.005,random_forest,ml,50,0,0.2984568000010767,1.578779309424956,2.1754559562834466,6.973709956787511,1.578779309424956,,0.1992165605542599,19.641564887770983,1.0067065601379284,,,,,0.28,0.1688888888888889,0.4844444444444444,
noisy,european,call,0.005,grad_boosting,ml,50,0,0.3396642999996402,1.647515489998947,2.1132306754970136,6.097887461944268,1.647515489998947,,0.2755167155043215,32.75425194273538,1.7006860714707437,,,,,0.2533333333333333,0.2311111111111111,0.5333333333333333,
noisy,european,call,0.005,mlp_tanh,dl,50,0,3.653200900000229,0.6131552025159569,0.8526094770222729,4.101949991410725,0.6131552025159569,,0.0449846541297816,0.4019850273741498,0.0353130203951458,,,,,0.04,0.2844444444444444,0.4977777777777777,
noisy,european,call,0.005,mlp_relu,dl,50,0,3.576785100000052,0.6071687984635837,0.9502801929816412,4.89374777836179,0.6071687984635837,,0.0482829728101163,0.7925750218285358,0.0547987641701784,,,,,0.1511111111111111,0.2133333333333333,0.4577777777777778,
noisy,european,call,0.005,resnet_silu,dl,50,0,5.6536139999989246,0.3883969404237939,0.585262058185713,3.1265199796614573,0.3883969404237939,,0.0299238910214164,0.3363186458160628,0.0170385669312784,,,,,0.0977777777777777,0.04,0.4666666666666667,
noisy,european,call,0.005,fourier_mlp,dl,50,0,3.289050100000168,23.94796734700699,30.784455740296192,98.75570888378948,23.94796734700699,,2.8999747443069563,95.9096069801274,5.764674443549662,,,,,0.5155555555555555,0.9022222222222224,0.4266666666666667,
noisy,european,call,0.005,picnn,dl,50,0,10.85964739999872,1.6421529762639009,2.038535343424638,6.70632279080724,1.6421529762639009,,0.0903345116630967,0.7663838322345848,0.0932376626475723,,,,,0.0,0.0755555555555555,0.5688888888888889,
noisy,european,call,0.005,bs_iv_net,dl,50,0,4.281675500000347,0.0566502281529689,0.1141020249655865,0.4868192543164285,0.0566502281529689,,0.0046389611312337,0.0507685401788701,0.0041534814509082,,,,,0.0,0.0,0.0,
noisy,european,call,0.005,poly_ridge,ml,200,0,0.001364800000374,0.413893434756553,0.5853251309367812,2.496482025429414,0.413893434756553,,0.040970530733958,0.4368732647779925,0.0301156091709404,,,,,0.2266666666666666,0.2133333333333333,0.4088888888888889,
noisy,european,call,0.005,kernel_ridge,ml,200,0,0.1447889999999461,0.284615083227361,0.3955649166548082,1.7610195760078162,0.284615083227361,,0.028936737983752,0.3412411826335413,0.0258723393978558,,,,,0.1688888888888889,0.1466666666666666,0.4088888888888889,
noisy,european,call,0.005,random_forest,ml,200,0,0.3032847999984369,0.7840597298039806,1.0166234489947643,3.283642745976774,0.7840597298039806,,0.1207068593359745,14.718255755155203,0.7788759926344523,,,,,0.4888888888888889,0.1733333333333333,0.3822222222222222,
noisy,european,call,0.005,grad_boosting,ml,200,0,0.322676899999351,0.7890884386933015,1.051081705685236,3.1000519988541475,0.7890884386933015,,0.1373832077512162,17.40734743945211,0.9148747080572256,,,,,0.4533333333333333,0.2711111111111111,0.44,
noisy,european,call,0.005,mlp_tanh,dl,200,0,3.872610899999927,0.5404673494082733,0.6990075487662983,2.902066023772709,0.5404673494082733,,0.0482374060211649,0.4449140012836315,0.0177977277759906,,,,,0.0666666666666666,0.3288888888888889,0.5422222222222223,
noisy,european,call,0.005,mlp_relu,dl,200,0,4.023724599999696,0.2948670636420308,0.3725120839693068,1.6881704942641185,0.2948670636420308,,0.028085668197023,0.5499314540051574,0.0347096897221012,,,,,0.1244444444444444,0.0844444444444444,0.4711111111111111,
noisy,european,call,0.005,resnet_silu,dl,200,0,6.380293599999277,0.2124785554881431,0.2809944431954415,1.4507197455820964,0.2124785554881431,,0.0177248502682173,0.2235307428390331,0.0103293445350583,,,,,0.0666666666666666,0.0711111111111111,0.4088888888888889,
noisy,european,call,0.005,fourier_mlp,dl,200,0,3.995711400000801,17.40084266945675,23.92169892956064,70.37325313508313,17.40084266945675,,2.4454428789754057,74.723265453956,4.926693635936785,,,,,0.4888888888888889,0.8977777777777778,0.3377777777777778,
noisy,european,call,0.005,picnn,dl,200,0,12.579965099999754,1.300776209943726,1.5277701817823766,4.545645477002614,1.300776209943726,,0.0737974992485489,0.6540447142811356,0.05325341762727,,,,,0.0,0.0977777777777777,0.5866666666666667,
noisy,european,call,0.005,bs_iv_net,dl,200,0,5.032865900000616,0.0696021424316264,0.1398819147555969,0.7762361200112838,0.0696021424316264,,0.0078082913628516,0.1133627199131835,0.007370910971241,,,,,0.0,0.0,0.0,
noisy,european,call,0.005,poly_ridge,ml,1000,0,0.0018543000005593,0.3742652005703891,0.5318087477820356,2.5135139985034693,0.3742652005703891,,0.0410514709414082,0.4411268435425812,0.0098270692123858,,,,,0.2444444444444444,0.2088888888888889,0.2933333333333333,
noisy,european,call,0.005,kernel_ridge,ml,1000,0,1.850628700000016,0.1213130925120414,0.1724581837711274,1.0750508945048032,0.1213130925120414,,0.0151775438407767,0.2225431996314924,0.0106528735572567,,,,,0.1688888888888889,0.0533333333333333,0.2133333333333333,
noisy,european,call,0.005,random_forest,ml,1000,0,0.3343043999993824,0.4216778658551836,0.5421241641745813,2.093550190397165,0.4216778658551836,,0.0790828691572557,8.244173646563524,0.3698211036954195,,,,,0.4844444444444444,0.2088888888888889,0.2622222222222222,
noisy,european,call,0.005,grad_boosting,ml,1000,0,2.900225500001397,0.4536867620464715,0.5843702491080888,2.380040431817472,0.4536867620464715,,0.0878821766995893,8.107254758231765,0.3560732533163336,,,,,0.44,0.3022222222222222,0.2177777777777777,
noisy,european,call,0.005,mlp_tanh,dl,1000,0,11.833888900000602,0.3960531060296247,0.5354962440647977,2.6229426876959727,0.3960531060296247,,0.0390379513402526,0.3760686794834358,0.0157347288761125,,,,,0.0755555555555555,0.3066666666666666,0.4266666666666667,
noisy,european,call,0.005,mlp_relu,dl,1000,0,11.47443629999907,0.1062930114970148,0.1393292321362256,0.571344417815467,0.1062930114970148,,0.016957535054127,0.6200310043899582,0.0326028049466107,,,,,0.16,0.04,0.16,
noisy,european,call,0.005,resnet_silu,dl,1000,0,21.37357449999945,0.1120482159577,0.1737290766170967,1.1381298915800977,0.1120482159577,,0.0125116926881101,0.1682095037031741,0.0071195460044221,,,,,0.0844444444444444,0.0488888888888888,0.2177777777777777,
noisy,european,call,0.005,fourier_mlp,dl,1000,0,14.099985799999558,1.5378857568328068,2.482812478276194,16.80429229140669,1.5378857568328068,,0.3270826809700476,20.21796916581737,1.0150481543229657,,,,,0.4755555555555555,0.4533333333333333,0.3422222222222222,
noisy,european,call,0.005,picnn,dl,1000,0,32.33550389999982,0.9131901108022318,1.107665289054801,4.073016406720631,0.9131901108022318,,0.0557559888734221,0.510851162967751,0.018740066713685,,,,,0.0,0.0977777777777777,0.5822222222222222,
noisy,european,call,0.005,bs_iv_net,dl,1000,0,12.55864130000009,0.0213625182203799,0.0393545484832567,0.1896355183381576,0.0213625182203799,,0.0023502154665919,0.0258047652949557,0.0030661414753512,,,,,0.0,0.0,0.0,
noisy,european,call,0.005,poly_ridge,ml,3000,0,0.0064106000008905,0.3825377589819524,0.5246449134368264,2.1466035763881286,0.3825377589819524,,0.0410716542947124,0.4424411453771518,0.0069926047321836,,,,,0.2622222222222222,0.2266666666666666,0.3111111111111111,
noisy,european,call,0.005,kernel_ridge,ml,3000,0,23.074894499999573,0.0593388435371793,0.0757579599329453,0.25783207937522,0.0593388435371793,,0.0075435953806635,0.1359531379896746,0.0105468912652273,,,,,0.1511111111111111,0.0222222222222222,0.1155555555555555,
noisy,european,call,0.005,random_forest,ml,3000,0,0.6211618999986968,0.2804230595540717,0.3582085907979251,1.40459179886665,0.2804230595540717,,0.0556055328224186,6.144971892490688,0.3230805163097797,,,,,0.5155555555555555,0.2133333333333333,0.2444444444444444,
noisy,european,call,0.005,grad_boosting,ml,3000,0,4.004649900000004,0.2599278123135456,0.3243705866658565,0.9480321663633328,0.2599278123135456,,0.0433814384508935,5.770671726050576,0.2933163402872607,,,,,0.3644444444444444,0.2088888888888889,0.3466666666666667,
noisy,european,call,0.005,mlp_tanh,dl,3000,0,19.58558059999996,0.2396684643062001,0.3554782503213688,1.9897655264792369,0.2396684643062001,,0.0210840134638336,0.2418290898747516,0.0162740508074581,,,,,0.0711111111111111,0.0844444444444444,0.3866666666666666,
noisy,european,call,0.005,mlp_relu,dl,3000,0,18.509042699999554,0.0987963470009095,0.1255712162212393,0.3584011140262744,0.0987963470009095,,0.0177295120118554,0.5916228632714651,0.0294278940495571,,,,,0.1288888888888889,0.0666666666666666,0.1377777777777777,
noisy,european,call,0.005,resnet_silu,dl,3000,0,45.81373410000015,0.107357900376897,0.1555451004974622,0.9259157494959758,0.107357900376897,,0.0117513013314415,0.1559527638880189,0.0064423632178181,,,,,0.0844444444444444,0.04,0.2222222222222222,
noisy,european,call,0.005,fourier_mlp,dl,3000,0,16.129704599999968,0.3390778470856991,0.464356064233679,1.4046348689132682,0.3390778470856991,,0.0857282378469926,5.584850800456701,0.2915459292666592,,,,,0.4488888888888889,0.24,0.2577777777777778,
noisy,european,call,0.005,picnn,dl,3000,0,36.843214099999386,1.1818561394981144,1.3575275424447046,3.890554668134205,1.1818561394981144,,0.0683638630028842,0.6122536752708561,0.0124153889425216,,,,,0.0,0.1111111111111111,0.5911111111111111,
noisy,european,call,0.005,bs_iv_net,dl,3000,0,12.890579999999318,0.0096141135290188,0.0153892100005007,0.0442122463499838,0.0096141135290188,,0.0012408001350964,0.0116544390451813,0.0011397869227252,,,,,0.0,0.0,0.0,
noisy,european,call,0.005,poly_ridge,ml,50,1,0.0015442000003531,0.4526989426449667,0.6205437122897973,2.2225327265210093,0.4526989426449667,,0.0416195351974973,0.4878051273636117,0.030992789266878,,,,,0.2711111111111111,0.08,0.3866666666666666,
noisy,european,call,0.005,kernel_ridge,ml,50,1,0.1121206999996502,0.7644759857554171,1.180806450615356,5.553788057874687,0.7644759857554171,,0.0499637955309879,0.4867952724436016,0.0356390131217431,,,,,0.0444444444444444,0.0666666666666666,0.4711111111111111,
noisy,european,call,0.005,random_forest,ml,50,1,0.3755651999999827,2.0234858646011773,2.8814002869698587,9.167262526806764,2.0234858646011773,,0.3967578535172581,23.78522904979009,1.6122139668952211,,,,,0.5733333333333334,0.2088888888888889,0.2666666666666666,
noisy,european,call,0.005,grad_boosting,ml,50,1,8.664673899998888,1.9325502274934687,2.8287601108689517,9.03514362819644,1.9325502274934687,,0.4116167848350855,34.934111049695446,2.799911328525298,,,,,0.4844444444444444,0.28,0.3288888888888889,
noisy,european,call,0.005,mlp_tanh,dl,50,1,10.804360899999663,0.7701237772925463,1.1898369403940734,5.44577843112325,0.7701237772925463,,0.0510666015224587,0.4864121573214955,0.0361523364061179,,,,,0.0044444444444444,0.0977777777777777,0.4933333333333333,
noisy,european,call,0.005,mlp_relu,dl,50,1,5.295032500000161,0.6503693812933553,0.9486970957877956,4.046731503432744,0.6503693812933553,,0.044369804298977,0.7156699422080186,0.0500951961447166,,,,,0.0933333333333333,0.2222222222222222,0.2711111111111111,
noisy,european,call,0.005,resnet_silu,dl,50,1,8.110530900001322,0.8110830386308667,1.196653214587356,5.50669139785146,0.8110830386308667,,0.0512365154859556,0.5157718670162008,0.0385865606900604,,,,,0.0,0.0711111111111111,0.4933333333333333,
noisy,european,call,0.005,fourier_mlp,dl,50,1,4.878719000000274,24.786261218586027,32.457163498591534,112.1774060414508,24.786261218586027,,3.3673581400209938,103.97828695222216,6.339207303032621,,,,,0.4933333333333333,0.8933333333333333,0.4222222222222222,
noisy,european,call,0.005,picnn,dl,50,1,16.49005539999962,1.460428043592622,1.9130352771442447,7.551918985074513,1.460428043592622,,0.0801791677424813,0.6619732382200566,0.0481061426684414,,,,,0.0,0.0666666666666666,0.5333333333333333,
noisy,european,call,0.005,bs_iv_net,dl,50,1,6.212241100000028,0.1058410681067192,0.1854765454876993,0.7007483934294179,0.1058410681067192,,0.0088332681288804,0.1160736481169843,0.020149608172938,,,,,0.0,0.0,0.0,
noisy,european,call,0.005,poly_ridge,ml,200,1,0.001805099998819,0.3535323882884736,0.5024201439942911,2.240154520264903,0.3535323882884736,,0.0397296498711858,0.4330437410973658,0.0263874236605973,,,,,0.2666666666666666,0.2044444444444444,0.2444444444444444,
noisy,european,call,0.005,kernel_ridge,ml,200,1,0.6059373999996751,0.2409548197725607,0.3045496981706482,1.2581249884594308,0.2409548197725607,,0.021221079549284,0.2660743233954409,0.0238126004485071,,,,,0.1733333333333333,0.1466666666666666,0.3511111111111111,
noisy,european,call,0.005,random_forest,ml,200,1,0.7935379999998986,0.8145027418350652,1.1356066151659765,4.457829045204751,0.8145027418350652,,0.1546437642270309,16.402619564824178,0.9476357735849668,,,,,0.5466666666666666,0.2711111111111111,0.3422222222222222,
noisy,european,call,0.005,grad_boosting,ml,200,1,6.40626119999979,0.8869283941039363,1.2028160228518667,3.80676273636482,0.8869283941039363,,0.155934884114102,17.823943570203216,0.8100837542433357,,,,,0.3911111111111111,0.28,0.52,
noisy,european,call,0.005,mlp_tanh,dl,200,1,16.00009659999887,0.4193302557005886,0.5816919832296815,2.8147269652542994,0.4193302557005886,,0.0341955772526722,0.4093355576048057,0.0162565998563613,,,,,0.1377777777777777,0.0666666666666666,0.44,
noisy,european,call,0.005,mlp_relu,dl,200,1,16.718845500001407,0.1688052280037783,0.2311325075889661,0.8899093990404561,0.1688052280037783,,0.0242654554868265,0.7930423934431025,0.0362934638666797,,,,,0.2355555555555555,0.0355555555555555,0.2844444444444444,
noisy,european,call,0.005,resnet_silu,dl,200,1,30.81135480000012,0.1559901303398065,0.1953827274607923,0.9312149749455378,0.1559901303398065,,0.0136319431270896,0.1673360921628822,0.0093839838701293,,,,,0.08,0.0488888888888888,0.3288888888888889,
noisy,european,call,0.005,fourier_mlp,dl,200,1,9.43545019999874,8.537382824454928,13.1929686594438,71.0620863125995,8.537382824454928,,1.432738138097171,53.80438546661241,3.3485218223790545,,,,,0.4888888888888889,0.7688888888888888,0.3955555555555555,
noisy,european,call,0.005,picnn,dl,200,1,11.961787899999765,1.5550952766196524,1.782515401323499,4.710035087293141,1.5550952766196524,,0.0860091477657953,0.7515320193916898,0.0269436723464774,,,,,0.0,0.1288888888888889,0.5911111111111111,
noisy,european,call,0.005,bs_iv_net,dl,200,1,4.569325299999036,0.0844219329700314,0.1402428674428627,0.4630482383110701,0.0844219329700314,,0.0075553765987112,0.1085634005799409,0.00897491932955,,,,,0.0,0.0,0.0,
noisy,european,call,0.005,poly_ridge,ml,1000,1,0.0015526000006502,0.3648702967248803,0.5043261890054104,2.018940209455111,0.3648702967248803,,0.0398845317111516,0.4369601330252242,0.0060855842736933,,,,,0.2666666666666666,0.2222222222222222,0.28,
noisy,european,call,0.005,kernel_ridge,ml,1000,1,1.763358700000026,0.0922837748809364,0.1238146817577302,0.4833975995204631,0.0922837748809364,,0.0106617864854457,0.1743704377382691,0.0098864588971958,,,,,0.1866666666666666,0.0266666666666666,0.16,
noisy,european,call,0.005,random_forest,ml,1000,1,0.3200660000002244,0.3831401784871466,0.5194726852481218,2.018775720739085,0.3831401784871466,,0.0810583268312236,7.022213361322321,0.3462189323532136,,,,,0.5333333333333333,0.2622222222222222,0.2577777777777778,
noisy,european,call,0.005,grad_boosting,ml,1000,1,1.1234435999995185,0.4338973693294823,0.5617154715146687,1.653006500772458,0.4338973693294823,,0.0882988945007906,9.553946624996287,0.5545205922307286,,,,,0.4755555555555555,0.3777777777777777,0.2355555555555555,
noisy,european,call,0.005,mlp_tanh,dl,1000,1,5.337699600000633,0.4251144890321345,0.5701169580859461,2.4957039074358867,0.4251144890321345,,0.0352519710093644,0.4141212654798997,0.0159075473648552,,,,,0.1688888888888889,0.1244444444444444,0.3688888888888889,
noisy,european,call,0.005,mlp_relu,dl,1000,1,5.458978800001205,0.1273964709768432,0.1606521237990993,0.5581896139922216,0.1273964709768432,,0.021251560625852,0.8387279570140151,0.0441027265433141,,,,,0.1911111111111111,0.0711111111111111,0.1688888888888889,
noisy,european,call,0.005,resnet_silu,dl,1000,1,10.162762800000564,0.133635016768539,0.1774927160195288,0.9344153718409464,0.133635016768539,,0.0132368762248219,0.1763370487319291,0.0089887941873077,,,,,0.0844444444444444,0.0355555555555555,0.2177777777777777,
noisy,european,call,0.005,fourier_mlp,dl,1000,1,6.261475600000267,1.0050233528521382,1.4404471132556818,9.0499303005376,1.0050233528521382,,0.2350734291067233,12.29737672082201,0.7263604706447566,,,,,0.48,0.3422222222222222,0.3244444444444444,
noisy,european,call,0.005,picnn,dl,1000,1,16.086093099998834,1.1968341581473534,1.406155379216604,4.113860489552968,1.1968341581473534,,0.0716583868399924,0.6583051954208956,0.0202312839489915,,,,,0.0,0.1288888888888889,0.5911111111111111,
noisy,european,call,0.005,bs_iv_net,dl,1000,1,5.725078600000416,0.0204806410715704,0.0331322303004596,0.0835720991026356,0.0204806410715704,,0.0018230667888576,0.014915213806949,0.0009491724485254,,,,,0.0,0.0,0.0,
noisy,european,call,0.005,poly_ridge,ml,3000,1,0.0020872999994026,0.3630881804075752,0.5058181743277879,2.1655141595481653,0.3630881804075752,,0.0400149799211413,0.4378283960713502,0.0060813612189476,,,,,0.2622222222222222,0.2222222222222222,0.2977777777777777,
noisy,european,call,0.005,kernel_ridge,ml,3000,1,13.18457320000016,0.0793060464824498,0.1102473119927869,0.4940063256178795,0.0793060464824498,,0.0094963597029453,0.1582359009950352,0.0082365188334561,,,,,0.1644444444444444,0.0266666666666666,0.1911111111111111,
noisy,european,call,0.005,random_forest,ml,3000,1,0.3189961000007315,0.2547969157944415,0.3108901367444338,0.791817028177999,0.2547969157944415,,0.0538495144302291,6.007919250684708,0.2758566586411335,,,,,0.5066666666666667,0.1377777777777777,0.2755555555555555,
noisy,european,call,0.005,grad_boosting,ml,3000,1,1.066211999999723,0.2969926550108219,0.3757320489439283,1.085027351461909,0.2969926550108219,,0.0499816255382579,6.309859803144625,0.352295587254793,,,,,0.3866666666666666,0.1688888888888889,0.2711111111111111,
noisy,european,call,0.005,mlp_tanh,dl,3000,1,8.251396499999828,0.3986679722189239,0.5547362681012769,2.6598495112118647,0.3986679722189239,,0.0355431107582429,0.4204699097091527,0.0176871358891786,,,,,0.2,0.1244444444444444,0.3733333333333333,
noisy,european,call,0.005,mlp_relu,dl,3000,1,7.7223181999997905,0.1079920236982921,0.1412057106082237,0.4113909113140135,0.1079920236982921,,0.0156506768992018,0.6103222956593095,0.0322538916913943,,,,,0.16,0.0533333333333333,0.2,
noisy,european,call,0.005,resnet_silu,dl,3000,1,15.194055100000696,0.1207086103459608,0.175726339769611,1.1040598766264842,0.1207086103459608,,0.0126037992652632,0.1656293556532601,0.0087347588554144,,,,,0.0755555555555555,0.0355555555555555,0.2488888888888888,
noisy,european,call,0.005,fourier_mlp,dl,3000,1,9.497434900000371,0.3192365886461615,0.416843432595697,1.5449735593027647,0.3192365886461615,,0.0706301930575837,4.858742968050695,0.2571674428697637,,,,,0.4222222222222222,0.2755555555555555,0.3288888888888889,
noisy,european,call,0.005,picnn,dl,3000,1,23.86627150000095,1.4158691254643136,1.650976348423116,4.797242643064015,1.4158691254643136,,0.0831756220391299,0.7371373220953107,0.0164808474477078,,,,,0.0,0.1155555555555555,0.5733333333333334,
noisy,european,call,0.005,bs_iv_net,dl,3000,1,8.821598399999857,0.0072172221924406,0.0109140299910122,0.0329118339758377,0.0072172221924406,,0.0009644990768291,0.0075184139688332,0.0004710469594321,,,,,0.0,0.0,0.0,
extrapolate,european,put,0.0,pinn_n1,pinn,0,0,113.65685899999971,0.2211093874260503,0.2732747372489878,0.6536658065938838,0.1216616990226203,0.2364090317958087,0.018023717479421,0.204502847528437,0.0063117155328353,,,,,0.1288888888888889,0.0355555555555555,0.0177777777777777,
extrapolate,european,put,0.0,pinn_n0,pinn,0,0,113.15725350000048,1.17988419687458,1.4684077542986491,4.826760432719668,1.4511636288785843,1.1381488996431948,0.0691729072723229,0.6603770411168142,0.0414734443405882,,,,,0.4444444444444444,0.2666666666666666,0.08,
extrapolate,european,put,0.0,poly_ridge,ml,50,0,0.0012943000001541,180.66626624498173,381.1043947079232,1427.8828074754324,0.0755754979769651,208.44944943682864,12.529875545057418,72.66058216163246,10.739786836008085,,,,,0.7777777777777778,0.5422222222222223,0.5733333333333334,
extrapolate,european,put,0.0,kernel_ridge,ml,50,0,0.0975815999991027,9.372353850354113,16.294749599154184,73.18779698501314,0.007899907834652,10.813039072280182,0.3735933174055196,3.4276782705351647,0.7102743509371208,,,,,0.4311111111111111,0.4177777777777778,0.4755555555555555,
extrapolate,european,put,0.0,random_forest,ml,50,0,0.3176359999997658,3.5974491972150595,7.312833190798851,25.440773056057942,0.3583874080769155,4.095766395544005,0.2400855138234813,2.453949064115548,0.1003570825881634,,,,,0.1244444444444444,0.0,0.2088888888888889,
extrapolate,european,put,0.0,grad_boosting,ml,50,0,0.3246596000008139,3.6349280620843576,7.405877838548128,26.121724700285053,0.4821655068025453,4.119968455204636,0.2409085944719002,2.7215544578534274,0.118558809318427,,,,,0.1244444444444444,0.0,0.2222222222222222,
extrapolate,european,put,0.0,mlp_tanh,dl,50,0,3.844382999999653,3.336564256087397,4.525809824501508,13.732952916807651,0.2068614805912315,3.818056990779115,0.1787576030555086,1.0073646558277076,0.0409773084753694,,,,,0.5022222222222222,0.5111111111111111,0.1822222222222222,
extrapolate,european,put,0.0,mlp_relu,dl,50,0,3.6657245000005783,1.2791203851407662,2.6408368257591266,15.60123368520212,0.0825717135673382,1.463204796152063,0.0979946056819696,0.9870061675571652,0.0701613485632804,,,,,0.2711111111111111,0.0,0.6133333333333333,
extrapolate,european,put,0.0,resnet_silu,dl,50,0,5.57860189999883,4.961052150523277,8.124753871063824,29.422467947006226,0.0814862650821199,5.711754594437302,0.2277577037716772,0.8780058215844664,0.1476025291219463,,,,,0.04,0.6533333333333333,0.0488888888888888,
extrapolate,european,put,0.0,fourier_mlp,dl,50,0,3.411597399999664,7.360474840633177,11.49721807504507,37.46169130458116,1.0567316674420002,8.330281482662588,0.432693036709401,6.900038719968907,0.4387608525310921,,,,,0.4622222222222222,0.4933333333333333,0.2711111111111111,
extrapolate,european,put,0.0,picnn,dl,50,0,11.107996800001274,2.4697031471870323,4.885556298908001,24.759887611680508,0.2169069851704798,2.816287172112656,0.1966439887252101,1.3990034923615895,0.0733972596555671,,,,,0.0,0.3155555555555555,0.4222222222222222,
extrapolate,european,put,0.0,bs_iv_net,dl,50,0,4.541383899999346,0.0020674569285759,0.0044665621153644,0.0195209160252007,0.0004553776474091,0.0023154691256785,0.0007609466843132,0.0047414673371878,0.0003494992602371,,,,,0.0,0.0,0.0,
extrapolate,european,put,0.0,poly_ridge,ml,200,0,0.0017166999987239,151.1127771423351,325.09785333605777,1287.0266013899843,0.0497558241807424,174.35324196051275,10.693376770510987,61.37071840388611,8.540988477095715,,,,,0.8177777777777778,0.5733333333333334,0.6488888888888888,
extrapolate,european,put,0.0,kernel_ridge,ml,200,0,0.1645757000005687,5.996025399908384,10.233358330012884,38.87187930482124,0.0081883705741014,6.917231096729043,0.3135530915205902,2.2720264114126767,0.4224015258405367,,,,,0.4133333333333333,0.3777777777777777,0.4711111111111111,
extrapolate,european,put,0.0,random_forest,ml,200,0,0.3305359999994834,3.3661490196042547,7.144667859306699,25.28957914093756,0.2158853891028849,3.850804962758312,0.2259146190604178,2.297513840238061,0.1044941333260154,,,,,0.04,0.0,0.2044444444444444,
extrapolate,european,put,0.0,grad_boosting,ml,200,0,0.3326047999998991,3.6523048694802265,7.566512607892998,26.237590081759667,0.3627463375350017,4.1583907974718,0.2359018414325804,1.915405579828025,0.0865192218685747,,,,,0.0711111111111111,0.0044444444444444,0.2222222222222222,
extrapolate,european,put,0.0,mlp_tanh,dl,200,0,4.036092299998927,2.634427466239403,3.519635454381162,10.053206527418611,0.1839032403463061,3.011431193299879,0.1421829211339052,0.927091712870521,0.0338214172297006,,,,,0.4355555555555555,0.4933333333333333,0.1555555555555555,
extrapolate,european,put,0.0,mlp_relu,dl,200,0,4.007110399999874,1.6254296703447948,2.7800173563835626,13.834549033827304,0.0436533794423641,1.8687798689451685,0.1140643212881185,0.9279929771289108,0.0461393825260705,,,,,0.3511111111111111,0.3644444444444444,0.2266666666666666,
extrapolate,european,put,0.0,resnet_silu,dl,200,0,6.60482520000005,3.693346292326119,6.422009350431075,24.57402050495148,0.0850147712491843,4.248474218645648,0.1902724481563656,0.8647621823541622,0.1633465913843983,,,,,0.0577777777777777,0.6133333333333333,0.0933333333333333,
extrapolate,european,put,0.0,fourier_mlp,dl,200,0,4.056757000000289,7.211672417599159,11.080731332361797,35.13451027824163,0.3475712050149666,8.26768798876596,0.4313412180782516,7.817098472457397,0.4413586205919066,,,,,0.4577777777777778,0.4622222222222222,0.2533333333333333,
extrapolate,european,put,0.0,picnn,dl,200,0,12.258808399999907,5.532880684839776,7.109369723266555,15.475576051951029,0.7544492081709652,6.268023988942669,0.1933764806268917,0.7151532346378657,0.1047421417437966,,,,,0.0,0.0355555555555555,0.76,
extrapolate,european,put,0.0,bs_iv_net,dl,200,0,4.6947143000015785,0.0019682134074697,0.0042101563180077,0.0182274952335748,0.0004122069307193,0.0022075990192774,0.000762426968204,0.0047349768753436,0.0003383929879947,,,,,0.0,0.0,0.0,
extrapolate,european,put,0.0,poly_ridge,ml,1000,0,0.0017718999988574,143.12405158778392,334.17770895096714,1749.3790193525217,0.0380980894291413,165.13727520291542,10.119518016056924,59.57268357821034,12.183844875281093,,,,,0.6888888888888889,0.5288888888888889,0.6666666666666666,
extrapolate,european,put,0.0,kernel_ridge,ml,1000,0,1.511648100000457,27.936387595518177,63.12667453499107,288.79479002862354,0.0037852889246265,32.2337110273018,1.4858547136660625,13.808316301144608,3.383700696601499,,,,,0.48,0.5111111111111111,0.5111111111111111,
extrapolate,european,put,0.0,random_forest,ml,1000,0,0.3246846999991248,3.279011919683427,7.046015048390064,25.041409501630834,0.0854719195407512,3.770325765859223,0.2228521607606571,1.916516467889958,0.0975308547634494,,,,,0.0444444444444444,0.0,0.2,
extrapolate,european,put,0.0,grad_boosting,ml,1000,0,1.0604554999990796,3.362516814869268,7.182639796631503,25.23044881530235,0.1046564935262175,3.8637260950758914,0.225937680449975,1.6138817142675144,0.0843154175827865,,,,,0.0444444444444444,0.0,0.2088888888888889,
extrapolate,european,put,0.0,mlp_tanh,dl,1000,0,5.462565499999982,2.456092767623147,3.305915562739227,8.92747744340372,0.171553455972069,2.807560354031005,0.1323780689925686,0.8911834857792278,0.0311505943877801,,,,,0.4088888888888889,0.4933333333333333,0.1466666666666666,
extrapolate,european,put,0.0,mlp_relu,dl,1000,0,5.253926800000045,2.4129602987854515,4.061241610873472,18.037980342096805,0.0231541037693852,2.780622790326385,0.152687053440907,0.8458309237479956,0.0493090163336834,,,,,0.2977777777777777,0.4533333333333333,0.1955555555555555,
extrapolate,european,put,0.0,resnet_silu,dl,1000,0,10.253962599999795,3.5494279756585283,6.115279471856672,23.39290976524353,0.0859269319372449,4.082274290077187,0.1819372832125376,0.8455708630876597,0.1647541385814581,,,,,0.0666666666666666,0.6,0.1244444444444444,
extrapolate,european,put,0.0,fourier_mlp,dl,1000,0,6.368294899999455,7.045511983471483,10.830034387254056,35.45121508790731,0.0699058932157578,8.118682151203133,0.4487989872071796,9.530912648382245,0.5199321282616675,,,,,0.4044444444444444,0.4666666666666667,0.24,
extrapolate,european,put,0.0,picnn,dl,1000,0,16.176795900000798,6.118631586741988,10.393496666016452,52.964733993821625,0.2184008526292661,7.0263593919900975,0.3310225445931108,2.432296808889518,0.2711219373603567,,,,,0.0,0.4755555555555555,0.08,
extrapolate,european,put,0.0,bs_iv_net,dl,1000,0,6.1495986000009,0.0019332322251513,0.0041351495448154,0.0179205313129815,0.0004178646509693,0.0021663656981024,0.0007607036194747,0.0047041398452212,0.0003366425018318,,,,,0.0,0.0,0.0,
extrapolate,european,put,0.0,poly_ridge,ml,3000,0,0.0034599999999045,119.71772403461274,315.2865853995402,1989.4176008823847,0.0243201012977721,138.13209387050733,8.547992522057747,50.44263741776828,15.264296894588949,,,,,0.4844444444444444,0.56,0.4266666666666667,
extrapolate,european,put,0.0,kernel_ridge,ml,3000,0,13.524064799999906,57.484075874870285,122.494765393723,600.6376708268363,0.0022866208148085,66.32742806780189,2.911996214820423,25.34804610343955,5.475783976547955,,,,,0.3644444444444444,0.6,0.2888888888888888,
extrapolate,european,put,0.0,random_forest,ml,3000,0,0.3369774000002508,3.2649755988295683,7.09245727173569,25.15623645977767,0.050613756992544,3.759492805266033,0.2222472807310282,1.6900871325210465,0.0910146102708157,,,,,0.04,0.0,0.2044444444444444,
extrapolate,european,put,0.0,grad_boosting,ml,3000,0,1.129259400000592,3.2841561967528707,7.122938757178625,25.160619333095035,0.0614456011166041,3.7799578268507577,0.222811547822116,1.662636108290624,0.0891434229509319,,,,,0.04,0.0,0.2044444444444444,
extrapolate,european,put,0.0,mlp_tanh,dl,3000,0,9.176066199999696,2.2717346535703307,3.0742302962461165,8.692262613958835,0.1641870429005782,2.595972747519524,0.1254980364015215,0.8713745223532804,0.0319770630319627,,,,,0.4044444444444444,0.48,0.1511111111111111,
extrapolate,european,put,0.0,mlp_relu,dl,3000,0,8.535491799999363,1.396647291225481,2.5205139005154003,12.751628005690096,0.0229581110989423,1.6079840881680252,0.098830389525626,0.7237722067763134,0.0483985982090352,,,,,0.2666666666666666,0.2,0.2444444444444444,
extrapolate,european,put,0.0,resnet_silu,dl,3000,0,16.094711100000495,3.363034026141908,5.804765637875957,21.68731391429901,0.0859704560859339,3.8671976523043647,0.1802997349569953,0.869638862154548,0.155738389913522,,,,,0.0577777777777777,0.5911111111111111,0.12,
extrapolate,european,put,0.0,fourier_mlp,dl,3000,0,10.191883100000268,7.062669618930798,10.778501499414135,35.77149133338212,0.0228723868959828,8.145715346936152,0.466192410392273,10.411778577884984,0.5735686264883391,,,,,0.4311111111111111,0.4666666666666667,0.2355555555555555,
extrapolate,european,put,0.0,picnn,dl,3000,0,24.33736019999924,4.352408627101501,5.7493228132374,19.36151877623129,0.3684856258372988,4.965319858065223,0.2016854598859452,1.1512857841609965,0.1875557865241611,,,,,0.0,0.16,0.4488888888888889,
extrapolate,european,put,0.0,bs_iv_net,dl,3000,0,9.076754300000175,0.0019362505799994,0.0041423700252479,0.017953313867608,0.0004168464049544,0.0021700050684678,0.0007608873631055,0.0047088147916055,0.0003368629341542,,,,,0.0,0.0,0.0,
extrapolate,european,put,0.0,poly_ridge,ml,50,1,0.0012779999997292,142.70664529497105,301.5150669691018,1118.4891269834002,0.0605353450604116,164.6522006718804,9.792576479364014,57.25098099317703,7.443692813392587,,,,,0.7777777777777778,0.52,0.7733333333333333,
extrapolate,european,put,0.0,kernel_ridge,ml,50,1,0.0992380999996385,2.593644518948926,5.541064443450957,30.25943589103988,0.0128973296544653,2.9906825480711507,0.1795101357905937,1.3224977921699193,0.2521060445993076,,,,,0.4311111111111111,0.2266666666666666,0.3688888888888889,
extrapolate,european,put,0.0,random_forest,ml,50,1,0.3106812000005448,3.756924065337578,7.708981261785067,26.36166553009558,0.6018659818526179,4.242317616642956,0.2377149590252799,2.3531559001251985,0.1110965447837065,,,,,0.1022222222222222,0.0,0.2266666666666666,
extrapolate,european,put,0.0,grad_boosting,ml,50,1,0.3367920000000595,4.010475838062389,7.965770210275686,27.319608802017925,0.6644927764877092,4.525242462920032,0.2461522589875695,1.2683815092598327,0.0857420501245634,,,,,0.0666666666666666,0.0,0.2355555555555555,
extrapolate,european,put,0.0,mlp_tanh,dl,50,1,3.611716600000364,1.1725878122218027,1.5032796481064048,3.622292398921745,0.1875186059453652,1.324136920879716,0.0652310717951904,0.7931360350263786,0.0418964120586104,,,,,0.16,0.4088888888888889,0.1688888888888889,
extrapolate,european,put,0.0,mlp_relu,dl,50,1,3.600077099999908,3.109094694760239,5.482135248284648,21.743023254871886,0.0915719074377087,3.573328969732937,0.1870583961481909,0.9230557474960572,0.0629377664629158,,,,,0.3111111111111111,0.0,0.6222222222222222,
extrapolate,european,put,0.0,resnet_silu,dl,50,1,5.465033100001165,3.725306759283359,6.514508393118254,26.64045989513397,0.0838011776764932,4.285538387222878,0.1986431313026065,0.8832197427220583,0.1683019815524011,,,,,0.0,0.6,0.1244444444444444,
extrapolate,european,put,0.0,fourier_mlp,dl,50,1,3.414605500000107,7.314218236870518,12.399046360479666,41.452752008574,0.9198302704098568,8.29797023171062,0.4722682077791781,7.343330303638123,0.4138145439987604,,,,,0.4622222222222222,0.4488888888888889,0.3111111111111111,
extrapolate,european,put,0.0,picnn,dl,50,1,11.132752399998935,5.079150698938959,6.2438762320164525,14.144721627235413,0.8175385058324938,5.7347833440322615,0.1905292888473153,0.7473973519124649,0.1513576483304188,,,,,0.0,0.0044444444444444,0.6711111111111111,
extrapolate,european,put,0.0,bs_iv_net,dl,50,1,4.408902799999851,0.0019158516590115,0.0045836803868484,0.0224838192239396,0.0004449375197008,0.0021421461419824,0.0007233765207157,0.0043576774368986,0.0003579038562088,,,,,0.0,0.0,0.0,
extrapolate,european,put,0.0,poly_ridge,ml,200,1,0.0016042000006564,151.0548736351366,320.3841316493419,1254.7287962176144,0.046206379162968,174.2869762899018,10.269824209441316,58.83874866649165,7.852059224280503,,,,,0.7866666666666666,0.4977777777777777,0.76,
extrapolate,european,put,0.0,kernel_ridge,ml,200,1,0.1496566999994684,5.613617653238235,9.566461770758558,38.36844321939573,0.0061143983200931,6.476310461687181,0.3482664127746307,2.402369456728507,0.4107385150911943,,,,,0.4533333333333333,0.3911111111111111,0.4,
extrapolate,european,put,0.0,random_forest,ml,200,1,0.3248659000000771,3.4165066635814485,7.197591684187385,25.456603983817327,0.1972355436478124,3.911779143571239,0.2262675914841245,2.3934228607723176,0.1030108308037184,,,,,0.1022222222222222,0.0,0.2088888888888889,
extrapolate,european,put,0.0,grad_boosting,ml,200,1,0.3192380000000412,3.7955118778041217,7.717684166233172,26.780801103844425,0.46829002891977,4.307392162247867,0.2460472319549661,1.1939222454847196,0.0594172853189433,,,,,0.1066666666666666,0.0,0.2222222222222222,
extrapolate,european,put,0.0,mlp_tanh,dl,200,1,3.96943680000004,2.047617764844241,2.648989944966988,7.665384853071688,0.2143373021559531,2.329660912950132,0.1213782099528411,0.9804262681709602,0.0448651471875596,,,,,0.3688888888888889,0.4711111111111111,0.12,
extrapolate,european,put,0.0,mlp_relu,dl,200,1,3.927124100000583,2.7094960381433677,5.160939554823044,20.278441765308894,0.0713385568178211,3.115366419885759,0.1721602325309526,0.7697811718296458,0.0546306113978394,,,,,0.2888888888888888,0.0,0.5955555555555555,
extrapolate,european,put,0.0,resnet_silu,dl,200,1,6.530948899999203,5.436929402454108,9.11609732929993,33.16941261291504,0.0806317556023615,6.260975194277455,0.2761637505231672,1.12361123401784,0.1738043235451245,,,,,0.0,0.6444444444444445,0.0488888888888888,
extrapolate,european,put,0.0,fourier_mlp,dl,200,1,4.005672799999957,6.903826065582293,11.939326661134832,41.08975897683381,0.2672065617732719,7.924844450783682,0.4424705728818394,6.378149936870551,0.3567889166990561,,,,,0.4266666666666667,0.4488888888888889,0.2888888888888888,
extrapolate,european,put,0.0,picnn,dl,200,1,12.37574719999975,2.614646652272182,3.0478433188279657,5.997782945634571,0.6273452205002831,2.9203853340832437,0.087426708131724,0.792462953774102,0.0325151959561342,,,,,0.0,0.2622222222222222,0.76,
extrapolate,european,put,0.0,bs_iv_net,dl,200,1,4.754350899998826,0.0017902187185302,0.0042281962617282,0.0206479961648575,0.0004104434124395,0.0020024918425442,0.0007291229687821,0.0043538315175285,0.0003455811014703,,,,,0.0,0.0,0.0,
extrapolate,european,put,0.0,poly_ridge,ml,1000,1,0.0016665999992255,152.36043077286615,333.954566665028,1649.2078839794094,0.0335884019884231,175.795329599155,10.34180200464844,59.68148707181139,10.853213415873906,,,,,0.7066666666666667,0.5511111111111111,0.7333333333333333,
extrapolate,european,put,0.0,kernel_ridge,ml,1000,1,1.5257500000006985,18.3981544720133,37.046377150740746,155.7942559623876,0.0034557376565904,21.228108123452788,0.9694992164058024,8.876919430102411,2.9342574415207707,,,,,0.4577777777777778,0.4755555555555555,0.6177777777777778,
extrapolate,european,put,0.0,random_forest,ml,1000,1,0.3197746000005281,3.309684719844541,7.1114039143378935,25.18458644641885,0.0905103043200253,3.804942322232929,0.2246093094764017,1.692270892155373,0.0880707786318988,,,,,0.0444444444444444,0.0,0.2044444444444444,
extrapolate,european,put,0.0,grad_boosting,ml,1000,1,1.0781317000000854,3.3890761756891217,7.215790633532743,25.46738263122288,0.1032810785019009,3.8945831137179256,0.2273446731310273,1.6000531110245018,0.078354336025554,,,,,0.04,0.0,0.2088888888888889,
extrapolate,european,put,0.0,mlp_tanh,dl,1000,1,5.44350250000025,2.534821271759113,3.350410902601306,8.568937623686313,0.1985523545795119,2.8942472590175137,0.1360572140559944,0.9763414813452326,0.0433117919781928,,,,,0.4222222222222222,0.4977777777777777,0.1333333333333333,
extrapolate,european,put,0.0,mlp_relu,dl,1000,1,5.266645700001391,2.7574560592408286,4.88612660538624,19.42628906011633,0.0341488082141116,3.1764264055526312,0.1721498569120253,0.7745927637924624,0.0514670063744505,,,,,0.2666666666666666,0.0,0.6533333333333333,
extrapolate,european,put,0.0,resnet_silu,dl,1000,1,10.292834900001251,5.374377312743044,9.068651868127958,33.0390989780426,0.0742880963663116,6.189775653724082,0.2705072244887134,1.090903233169385,0.168355642749805,,,,,0.0,0.64,0.0488888888888888,
extrapolate,european,put,0.0,fourier_mlp,dl,1000,1,6.303148700000747,6.833622444957528,11.75844605805133,40.41363741411447,0.0872186696201716,7.871530718086352,0.4465077311359759,6.7156550773791945,0.3762910893671862,,,,,0.4177777777777778,0.4666666666666667,0.2711111111111111,
extrapolate,european,put,0.0,picnn,dl,1000,1,16.202183899999,1.5203818811160792,1.91358340466877,4.903799297359413,0.5354454877516156,1.6719105570183044,0.0921005471759067,0.8546290733247863,0.0380285241385704,,,,,0.0,0.3822222222222222,0.6888888888888889,
extrapolate,european,put,0.0,bs_iv_net,dl,1000,1,6.013472100001309,0.0017974991426368,0.0042552643176324,0.0207672054544083,0.0004123519570833,0.0020105987096451,0.0007287665775004,0.0043503317634106,0.000346095953342,,,,,0.0,0.0,0.0,
extrapolate,european,put,0.0,poly_ridge,ml,3000,1,0.0028117000001657,116.11919117494568,308.6133613303272,1943.6066961514773,0.0236741161642875,133.98003995321972,8.305703427022952,49.2861849766948,14.783856224086763,,,,,0.5066666666666667,0.5511111111111111,0.44,
extrapolate,european,put,0.0,kernel_ridge,ml,3000,1,13.437036299999818,50.69163309977598,98.22954663284088,457.9212318421924,0.0023515289526699,58.48998411067187,2.5680676498094304,21.034536285086105,4.717531358926304,,,,,0.36,0.6355555555555555,0.2355555555555555,
extrapolate,european,put,0.0,random_forest,ml,3000,1,0.3379502000007051,3.292696508963835,7.104009039236791,25.157331699413334,0.0560237177830427,3.790646169145495,0.2230365299501484,1.597447503748028,0.0883870300066143,,,,,0.0444444444444444,0.0,0.2044444444444444,
extrapolate,european,put,0.0,grad_boosting,ml,3000,1,1.126117499999964,3.30189665237707,7.133775938702769,25.21668561485787,0.0569055093613841,3.801126058994867,0.2234108706910501,1.5717491410882516,0.0857521861184218,,,,,0.04,0.0,0.2044444444444444,
extrapolate,european,put,0.0,mlp_tanh,dl,3000,1,8.995166900000186,2.1688328173456117,2.8609936863878334,6.945655787176608,0.1910481546375589,2.4731073808391577,0.1187046951599841,0.9350890639854912,0.041676372298643,,,,,0.3866666666666666,0.4755555555555555,0.1111111111111111,
extrapolate,european,put,0.0,mlp_relu,dl,3000,1,8.270184499999232,2.45958634643527,4.689016605445137,18.806843318939727,0.034861001993032,2.832621014810999,0.1608188610792552,0.8281310430078866,0.056217176240161,,,,,0.2888888888888888,0.0,0.56,
extrapolate,european,put,0.0,resnet_silu,dl,3000,1,15.2854169000002,4.996174328203318,8.437788676376234,31.001123785972595,0.0714292542924718,5.753827416497295,0.2516335746681986,1.0215991638773594,0.1603780283935611,,,,,0.0,0.6355555555555555,0.0666666666666666,
extrapolate,european,put,0.0,fourier_mlp,dl,3000,1,9.81246210000063,6.889907729697424,11.794013491240086,40.43772365106821,0.0411488848514685,7.9435629365968,0.4471980728498816,6.885618154961915,0.3700501118158767,,,,,0.4311111111111111,0.4666666666666667,0.28,
extrapolate,european,put,0.0,picnn,dl,3000,1,23.345194300000003,1.224449779920224,1.741819470656018,7.062738096528531,0.4004781208972658,1.3512146505391402,0.1198360671440872,0.9746883728569,0.0442050103481879,,,,,0.0,0.4977777777777777,0.3511111111111111,
extrapolate,european,put,0.0,bs_iv_net,dl,3000,1,8.852973200000633,0.001805685227207,0.0042613723265143,0.0207433635964982,0.0004128983329938,0.0020199601340091,0.0007285712058328,0.004352370977561,0.0003458714298477,,,,,0.0,0.0,0.0,
full,european,put,0.0,pinn_n1,pinn,0,0,113.65685899999971,0.2211093874260503,0.2732747372489878,0.6536658065938838,0.2211093874260503,,0.018023717479421,0.204502847528437,0.0063117155328353,,,,,0.1288888888888889,0.0355555555555555,0.0177777777777777,
full,european,put,0.0,pinn_n0,pinn,0,0,113.15725350000048,1.17988419687458,1.4684077542986491,4.826760432719668,1.17988419687458,,0.0691729072723229,0.6603770411168142,0.0414734443405882,,,,,0.4444444444444444,0.2666666666666666,0.08,
full,european,put,0.0,poly_ridge,ml,50,0,0.0012692999998762,0.4356662704689981,0.8069624955305068,4.211135104128372,0.4356662704689981,,0.0385090225459446,0.4172170542501741,0.0940208991733732,,,,,0.2666666666666666,0.2222222222222222,0.3066666666666666,
full,european,put,0.0,kernel_ridge,ml,50,0,0.0957820999992691,0.572139014906735,0.7709583716764369,3.52618762797336,0.572139014906735,,0.0450641930407109,0.4580314752124987,0.0307747928979683,,,,,0.24,0.2444444444444444,0.3955555555555555,
full,european,put,0.0,random_forest,ml,50,0,0.4210781000001589,0.8229624944334187,1.481926611945222,5.867989820058011,0.8229624944334187,,0.0986297668293409,11.297631855487817,0.2465792831124003,,,,,0.3466666666666667,0.0266666666666666,0.0577777777777777,
full,european,put,0.0,grad_boosting,ml,50,0,0.3799876000002768,0.7197542998782838,1.3145041117723346,5.252650773033271,0.7197542998782838,,0.1766974752703023,19.107341348218466,0.4593498685762587,,,,,0.4711111111111111,0.1466666666666666,0.16,
full,european,put,0.0,mlp_tanh,dl,50,0,3.672310500000094,0.2725293698172016,0.4548601096373328,2.448657073020044,0.2725293698172016,,0.0240004446439082,0.2817636690029665,0.0202612665804233,,,,,0.1466666666666666,0.1377777777777777,0.2355555555555555,
full,european,put,0.0,mlp_relu,dl,50,0,3.6367173000007824,0.2515589243538843,0.5080501120274452,2.7087877633042323,0.2515589243538843,,0.0251352115047957,0.6282449053518823,0.0412788825715493,,,,,0.0711111111111111,0.0133333333333333,0.0711111111111111,
full,european,put,0.0,resnet_silu,dl,50,0,5.6934455999999045,0.1981202630323946,0.3588682841373495,2.243255741833749,0.1981202630323946,,0.0186665965363978,0.2185367313720662,0.0148565503939043,,,,,0.1288888888888889,0.1111111111111111,0.1777777777777777,
full,european,put,0.0,fourier_mlp,dl,50,0,3.4369030000007115,8.232798322082505,11.532999174511811,41.66505032676283,8.232798322082505,,1.0299890825518336,35.32173728299102,2.1045424386171123,,,,,0.4622222222222222,0.6933333333333334,0.5111111111111111,
full,european,put,0.0,picnn,dl,50,0,11.334915499999624,1.3394005078542746,1.6421354452725818,4.7831176891318,1.3394005078542746,,0.0706298351920721,0.631736864923118,0.0793279118977609,,,,,0.0,0.08,0.6133333333333333,
full,european,put,0.0,bs_iv_net,dl,50,0,4.473849099999825,0.0004644397699655,0.0008337459972465,0.0042260513314573,0.0004644397699655,,0.0007921816785159,0.0045278243565797,0.000281209620089,,,,,0.0,0.0,0.0,
full,european,put,0.0,poly_ridge,ml,200,0,0.0013826999993398,0.3753053678106156,0.5288264495350485,2.467310057301864,0.3753053678106156,,0.0404350576403269,0.4385816079127048,0.0256420995478938,,,,,0.2755555555555555,0.2311111111111111,0.3022222222222222,
full,european,put,0.0,kernel_ridge,ml,200,0,0.1514732999994521,0.0384358765045566,0.0898282816316958,0.6796325900918276,0.0384358765045566,,0.0051319258057417,0.0975162223026005,0.0264319994977436,,,,,0.0933333333333333,0.0088888888888888,0.0488888888888888,
full,european,put,0.0,random_forest,ml,200,0,0.4524762999999439,0.2971880200502022,0.5016984486349425,1.7218967892757175,0.2971880200502022,,0.0669084840669812,6.403644881008307,0.1661684646052464,,,,,0.3644444444444444,0.1377777777777777,0.0666666666666666,
full,european,put,0.0,grad_boosting,ml,200,0,0.3772195999999894,0.4736071542334896,0.8988427079872942,5.623621876153834,0.4736071542334896,,0.1244404824358581,8.706023208521009,0.2247704233268338,,,,,0.3377777777777778,0.1911111111111111,0.2755555555555555,
full,european,put,0.0,mlp_tanh,dl,200,0,4.016302299999552,0.2321946122222914,0.3532130828138645,1.934903778075281,0.2321946122222914,,0.0239920738116125,0.2675185062330583,0.0080636752758891,,,,,0.1377777777777777,0.1155555555555555,0.2622222222222222,
full,european,put,0.0,mlp_relu,dl,200,0,3.969577500000014,0.0670643329893673,0.1102683751898526,0.4523339370608226,0.0670643329893673,,0.0119011356981369,0.6002975535802696,0.024117855909158,,,,,0.1111111111111111,0.0177777777777777,0.0533333333333333,
full,european,put,0.0,resnet_silu,dl,200,0,6.607726900000671,0.1269141207257393,0.185661249556506,1.1809705867758424,0.1269141207257393,,0.0122613259930944,0.1625486921630153,0.0085537397829166,,,,,0.1111111111111111,0.0355555555555555,0.1822222222222222,
full,european,put,0.0,fourier_mlp,dl,200,0,4.281027900000481,4.307223343836864,6.670370304045388,25.48824486054893,4.307223343836864,,0.6016529520206632,21.65860389212708,1.4618735929837623,,,,,0.4533333333333333,0.5511111111111111,0.3911111111111111,
full,european,put,0.0,picnn,dl,200,0,12.359018099999956,0.7039658294073514,0.8961723487610886,3.224012173651758,0.7039658294073514,,0.0451879329734344,0.4386404954731275,0.0288371824193868,,,,,0.0,0.0666666666666666,0.5777777777777777,
full,european,put,0.0,bs_iv_net,dl,200,0,4.787341899999774,0.0003128172524839,0.0005226720818335,0.0017524585732786,0.0003128172524839,,0.0008092538377731,0.0047459367638743,0.0002840469059353,,,,,0.0,0.0,0.0,
full,european,put,0.0,poly_ridge,ml,1000,0,0.0016378999998778,0.3650377565430943,0.5156407930889176,2.460431947645736,0.3650377565430943,,0.0404446517695532,0.4388869736346065,0.011133164967656,,,,,0.2755555555555555,0.2266666666666666,0.2888888888888888,
full,european,put,0.0,kernel_ridge,ml,1000,0,1.4842674999999872,0.0018348318262339,0.0040645475656163,0.0228849667427311,0.0018348318262339,,0.0011072169795152,0.0184078279132157,0.0014101856132646,,,,,0.0177777777777777,0.0,0.0,
full,european,put,0.0,random_forest,ml,1000,0,0.3765105000002222,0.1645231718986589,0.3173117613113023,1.4363824117032131,0.1645231718986589,,0.0255268332529217,2.7350926801899837,0.0823410367502969,,,,,0.2844444444444444,0.0266666666666666,0.0666666666666666,
full,european,put,0.0,grad_boosting,ml,1000,0,1.190032199999223,0.1879602722224712,0.3881084314358898,2.030981321857225,0.1879602722224712,,0.0260736996531373,3.110329331797611,0.0835480314761479,,,,,0.2177777777777777,0.0711111111111111,0.1466666666666666,
full,european,put,0.0,mlp_tanh,dl,1000,0,5.548451300000124,0.2100988126425942,0.3314231438025203,1.876731134890619,0.2100988126425942,,0.0222776145482783,0.2607049054233928,0.0074623862838238,,,,,0.1422222222222222,0.12,0.2311111111111111,
full,european,put,0.0,mlp_relu,dl,1000,0,4624.2544485,0.0343696948546143,0.0582445961374536,0.3716452690212257,0.0343696948546143,,0.0068490410234506,0.4095540282873553,0.0176158142726604,,,,,0.1111111111111111,0.0133333333333333,0.0222222222222222,
full,european,put,0.0,resnet_silu,dl,1000,0,11.033470300000772,0.0947443936680883,0.1422882679708015,0.9715474321833284,0.0947443936680883,,0.0093638015404944,0.127182396017242,0.007152463241169,,,,,0.0977777777777777,0.0133333333333333,0.0888888888888888,
full,european,put,0.0,fourier_mlp,dl,1000,0,7.250692400000844,0.3971266170758646,0.6601187123512894,3.660700666929317,0.3971266170758646,,0.099055184685041,4.728422408636927,0.2592784981492168,,,,,0.4044444444444444,0.2933333333333333,0.2488888888888888,
full,european,put,0.0,picnn,dl,1000,0,103.8108783000007,0.5898926672069483,0.7470953018835041,2.99699000263125,0.5898926672069483,,0.0395108944741986,0.3874707622766454,0.0221468216453721,,,,,0.0,0.0711111111111111,0.5688888888888889,
full,european,put,0.0,bs_iv_net,dl,1000,0,10.176689999998416,0.0002712920765366,0.0004477968563692,0.0017666038886865,0.0002712920765366,,0.0008064323668678,0.0047197890305217,0.000282694231711,,,,,0.0,0.0,0.0,
full,european,put,0.0,poly_ridge,ml,3000,0,0.0025191000004269,0.3734275351963781,0.5134451236654339,2.1444870731074817,0.3734275351963781,,0.0406897355875327,0.4410067508662149,0.0066194624939002,,,,,0.2711111111111111,0.2311111111111111,0.3022222222222222,
full,european,put,0.0,kernel_ridge,ml,3000,0,14.113561800000753,0.0017086719501049,0.0037859615426143,0.023177831349658,0.0017086719501049,,0.0010705133703268,0.0180123165811863,0.0010846556832823,,,,,0.0266666666666666,0.0,0.0,
full,european,put,0.0,random_forest,ml,3000,0,0.323690400000487,0.0776772280806604,0.1615460869014375,0.9386892364232278,0.0776772280806604,,0.0186576579235106,1.820900446757363,0.0539789535046622,,,,,0.1333333333333333,0.04,0.0888888888888888,
full,european,put,0.0,grad_boosting,ml,3000,0,1.3101418999995076,0.1185386596284111,0.2345190061111212,0.9303804963527283,0.1185386596284111,,0.0228448845722284,2.9238137594032723,0.0714913617339115,,,,,0.2222222222222222,0.0888888888888888,0.0933333333333333,
full,european,put,0.0,mlp_tanh,dl,3000,0,9.347292799999195,0.1877047893019082,0.2936018830911043,1.530259765624109,0.1877047893019082,,0.0202767506858169,0.247021744887404,0.0071573306358415,,,,,0.1511111111111111,0.12,0.1822222222222222,
full,european,put,0.0,mlp_relu,dl,3000,0,7.90556000000106,0.0333652597764339,0.0556508739799842,0.2531398208899138,0.0333652597764339,,0.0062071676635846,0.5098647976378936,0.0188580068507337,,,,,0.16,0.0044444444444444,0.0311111111111111,
full,european,put,0.0,resnet_silu,dl,3000,0,14.995290299999397,0.0918772801084994,0.1328269465324322,0.8475004806509645,0.0918772801084994,,0.0093371066467532,0.1230042507349965,0.0062882784700481,,,,,0.0933333333333333,0.0355555555555555,0.12,
full,european,put,0.0,fourier_mlp,dl,3000,0,9.61742520000007,0.0560045411827709,0.0804563470737983,0.3763221995032983,0.0560045411827709,,0.0145602144025759,1.3156670095567378,0.0582747914291372,,,,,0.3511111111111111,0.08,0.0755555555555555,
full,european,put,0.0,picnn,dl,3000,0,23.10322939999969,0.6320288120591931,0.7642076028792972,2.7110516204825075,0.6320288120591931,,0.0402654764023519,0.3928905996466794,0.016813535528732,,,,,0.0,0.0577777777777777,0.5866666666666667,
full,european,put,0.0,bs_iv_net,dl,3000,0,8.62128329999905,0.0002721315763982,0.0004480814329629,0.001772564353164,0.0002721315763982,,0.000806534915402,0.0047211545309033,0.0002827443975115,,,,,0.0,0.0,0.0,
full,european,put,0.0,poly_ridge,ml,50,1,0.0012463999992178,0.3218945646131718,0.4906069809878623,2.62947644809044,0.3218945646131718,,0.0356500053547607,0.4224185204119724,0.0274968221913039,,,,,0.2755555555555555,0.1822222222222222,0.1911111111111111,
full,european,put,0.0,kernel_ridge,ml,50,1,0.094948399999339,0.218064569020704,0.5236146961304785,3.5085104602006423,0.218064569020704,,0.0208425075746511,0.2938470251424186,0.0476813958789608,,,,,0.1111111111111111,0.0711111111111111,0.0755555555555555,
full,european,put,0.0,random_forest,ml,50,1,0.3089343999999983,1.0240081031472716,1.7705333401437766,6.427139731146248,1.0240081031472716,,0.1874843791349265,12.222629645304629,0.2980280231919937,,,,,0.2488888888888888,0.16,0.08,
full,european,put,0.0,grad_boosting,ml,50,1,0.3262437999983376,1.90241972429814,3.1454083293118926,16.128616359953778,1.90241972429814,,0.2729206287382343,22.900323496662725,0.6315454768137853,,,,,0.2977777777777777,0.1955555555555555,0.3822222222222222,
full,european,put,0.0,mlp_tanh,dl,50,1,3.5010779999993247,0.3388557896638492,0.6193364247093774,3.283545665382448,0.3388557896638492,,0.0337935306221763,0.3878062749288009,0.0133789854530293,,,,,0.0666666666666666,0.1066666666666666,0.1911111111111111,
full,european,put,0.0,mlp_relu,dl,50,1,3.3899847000011505,0.2592262280459643,0.4632623877254165,2.2233448102465303,0.2592262280459643,,0.0331723345146836,0.865642062304159,0.0289968274591975,,,,,0.1422222222222222,0.0711111111111111,0.0666666666666666,
full,european,put,0.0,resnet_silu,dl,50,1,5.247462100000121,0.1312724780595364,0.2329516635335263,1.5319491847744615,0.1312724780595364,,0.014755956144464,0.177478465397762,0.0091213076389536,,,,,0.0488888888888888,0.0311111111111111,0.1511111111111111,
full,european,put,0.0,fourier_mlp,dl,50,1,3.175482299999203,7.812954030027834,10.448863006904247,32.958989676163995,7.812954030027834,,1.1983213573750364,36.95315691344055,2.115385140125124,,,,,0.4755555555555555,0.6844444444444444,0.4666666666666667,
full,european,put,0.0,picnn,dl,50,1,11.23734709999917,1.0821230984657362,1.6924836703890973,7.771143235205713,1.0821230984657362,,0.0690442927146426,0.6001531561237602,0.0598214220067094,,,,,0.0,0.0711111111111111,0.4711111111111111,
full,european,put,0.0,bs_iv_net,dl,50,1,4.3872989999999845,0.0010389576508608,0.0019026826435037,0.0083626136788694,0.0010389576508608,,0.0007704940980002,0.0043023255381577,0.0002805286185961,,,,,0.0,0.0,0.0,
full,european,put,0.0,poly_ridge,ml,200,1,0.0013398999999481,0.3498648088695313,0.4956731846785381,2.2276419508049483,0.3498648088695313,,0.0397478794882996,0.4362398076227285,0.0270306425591581,,,,,0.2755555555555555,0.2222222222222222,0.24,
full,european,put,0.0,kernel_ridge,ml,200,1,0.151445400000739,0.044930213485605,0.0978637854175412,0.6664989246856323,0.044930213485605,,0.0072380583651557,0.1291191960459286,0.0130588620694449,,,,,0.1155555555555555,0.0177777777777777,0.0355555555555555,
full,european,put,0.0,random_forest,ml,200,1,0.3141410999996878,0.288806370560707,0.5466626533447797,2.508332072981384,0.288806370560707,,0.0594697617931673,6.332857486285628,0.1824805238309704,,,,,0.3066666666666666,0.08,0.1155555555555555,
full,european,put,0.0,grad_boosting,ml,200,1,0.3460990999992646,1.2571245198022958,2.785797123844952,13.64513259016194,1.2571245198022958,,0.1522674689040903,13.242085208043427,0.5519104675398703,,,,,0.3866666666666666,0.1155555555555555,0.36,
full,european,put,0.0,mlp_tanh,dl,200,1,3.997514900000169,0.2322763455328036,0.3540834384002442,1.4340988471499116,0.2322763455328036,,0.0239036716530217,0.2761363334213878,0.0093743478482288,,,,,0.1244444444444444,0.1333333333333333,0.2222222222222222,
full,european,put,0.0,mlp_relu,dl,200,1,3.9364859000015713,0.1283341561895029,0.1891356136282619,1.1640769795171035,0.1283341561895029,,0.0119575947765152,0.586603176151759,0.0224750405202915,,,,,0.0888888888888888,0.04,0.0311111111111111,
full,european,put,0.0,resnet_silu,dl,200,1,6.659705399999439,0.0700413826989816,0.098247805702861,0.4474056318990005,0.0700413826989816,,0.0065713764339413,0.0845536474866459,0.0066080728341284,,,,,0.0666666666666666,0.0088888888888888,0.1333333333333333,
full,european,put,0.0,fourier_mlp,dl,200,1,4.273751599999741,2.9560231790382514,4.613889606113199,22.065803363459104,2.9560231790382514,,0.42892336710648,13.327952266082018,1.0270213593425543,,,,,0.4755555555555555,0.4488888888888889,0.4755555555555555,
full,european,put,0.0,picnn,dl,200,1,12.264821300001133,0.6208073495893647,0.7838813861696109,2.902233518599573,0.6208073495893647,,0.0416938799698071,0.404365965562816,0.0161765520575877,,,,,0.0,0.0977777777777777,0.5866666666666667,
full,european,put,0.0,bs_iv_net,dl,200,1,4.602609800000209,0.0004591326928696,0.0007422293256758,0.0026614294061033,0.0004591326928696,,0.0008126444963707,0.0048554507090921,0.0002841370142563,,,,,0.0,0.0,0.0,
full,european,put,0.0,poly_ridge,ml,1000,1,0.0017106000013882,0.3667302208929551,0.5034669341097505,2.0199144568735505,0.3667302208929551,,0.0400449653845503,0.4384121671976573,0.0069422616441278,,,,,0.2711111111111111,0.2311111111111111,0.2755555555555555,
full,european,put,0.0,kernel_ridge,ml,1000,1,1.521692999998777,0.0042004336600235,0.0096536418519321,0.0682162412031184,0.0042004336600235,,0.0014762412543567,0.0293575907443951,0.0023648800239294,,,,,0.0533333333333333,0.0,0.0088888888888888,
full,european,put,0.0,random_forest,ml,1000,1,0.324080700000195,0.1357195645613086,0.2559324433814362,1.0245966310768768,0.1357195645613086,,0.0233569448188799,2.4937109262766444,0.0620997810868696,,,,,0.28,0.0711111111111111,0.0977777777777777,
full,european,put,0.0,grad_boosting,ml,1000,1,1.071871199999805,0.1269148174887496,0.2160473695384005,0.7617650757391736,0.1269148174887496,,0.0273601686309723,3.3743456309446547,0.0825517929619718,,,,,0.3288888888888889,0.0711111111111111,0.1066666666666666,
full,european,put,0.0,mlp_tanh,dl,1000,1,5.270102799999222,0.2373463297516108,0.3587263220573355,1.612029887675348,0.2373463297516108,,0.0249861492927664,0.2808242041112262,0.0076376365111435,,,,,0.1555555555555555,0.1555555555555555,0.2311111111111111,
full,european,put,0.0,mlp_relu,dl,1000,1,5.3822544000013295,0.029850198526085,0.0505769597950233,0.3075036438746514,0.029850198526085,,0.0055326798195916,0.426157410990637,0.0139004984429604,,,,,0.1155555555555555,0.0088888888888888,0.0088888888888888,
full,european,put,0.0,resnet_silu,dl,1000,1,10.065940800001044,0.0872342891727539,0.1207305993394001,0.6344433053723009,0.0872342891727539,,0.0093968351679507,0.1328181094949531,0.0071915513342126,,,,,0.04,0.0088888888888888,0.1377777777777777,
full,european,put,0.0,fourier_mlp,dl,1000,1,7.877663299999767,0.3637600010672416,0.7908692494175198,7.646081786888592,0.3637600010672416,,0.0827393322895137,4.371108890613923,0.2379673185178523,,,,,0.4266666666666667,0.2177777777777777,0.2,
full,european,put,0.0,picnn,dl,1000,1,18.82752690000052,0.5894346734438354,0.7463322515434687,2.641034044264856,0.5894346734438354,,0.0372946840824149,0.365628737400553,0.0138835775771642,,,,,0.0,0.0666666666666666,0.5822222222222222,
full,european,put,0.0,bs_iv_net,dl,1000,1,14.112066799998502,0.0003514686484402,0.0005520311072273,0.0016301715993316,0.0003514686484402,,0.0008139389094495,0.0048862036329977,0.0002841996740648,,,,,0.0,0.0,0.0,
full,european,put,0.0,poly_ridge,ml,3000,1,0.0025401000002602,0.367918528755917,0.50869008522208,2.1481982213850115,0.367918528755917,,0.0401775715644385,0.4390453542013699,0.0060428150560536,,,,,0.2666666666666666,0.2133333333333333,0.2933333333333333,
full,european,put,0.0,kernel_ridge,ml,3000,1,13.867171700001563,0.0016983227668095,0.0041315852565732,0.0324654675528837,0.0016983227668095,,0.0011003501453174,0.0179959020370501,0.00124090511511,,,,,0.0355555555555555,0.0,0.0,
full,european,put,0.0,random_forest,ml,3000,1,0.3257964000003994,0.0615663172323284,0.1142593865745516,0.4768187897453204,0.0615663172323284,,0.0129615454652538,1.4936288226687986,0.041630560220964,,,,,0.2355555555555555,0.0444444444444444,0.0577777777777777,
full,european,put,0.0,grad_boosting,ml,3000,1,1.1809604999998555,0.0918568504564805,0.1647612657164818,0.6204072488323775,0.0918568504564805,,0.0211106113850504,2.151451227525796,0.0614445211471251,,,,,0.3466666666666667,0.08,0.1244444444444444,
full,european,put,0.0,mlp_tanh,dl,3000,1,9.766347200000382,0.2364851310665975,0.3583440839608525,1.7866759672156007,0.2364851310665975,,0.0253049931770304,0.283672833354678,0.0074187730881049,,,,,0.16,0.1555555555555555,0.2222222222222222,
full,european,put,0.0,mlp_relu,dl,3000,1,8.073654600000737,0.0251405962536821,0.0388543381743826,0.1653440589384547,0.0251405962536821,,0.0051149226590313,0.320300922499499,0.0118456926629077,,,,,0.1066666666666666,0.0044444444444444,0.0,
full,european,put,0.0,resnet_silu,dl,3000,1,15.664471899999626,0.0951280324561194,0.1339065865471354,0.7831915392866762,0.0951280324561194,,0.0100994963735395,0.1415448225523849,0.0074545331633684,,,,,0.0444444444444444,0.0088888888888888,0.1244444444444444,
full,european,put,0.0,fourier_mlp,dl,3000,1,9.877743700000792,0.0474589013273742,0.0641108377733281,0.2388712421568795,0.0474589013273742,,0.0110417142698626,1.0906657056286542,0.0549309597666822,,,,,0.3333333333333333,0.0266666666666666,0.0666666666666666,
full,european,put,0.0,picnn,dl,3000,1,24.48667469999964,0.5796157132237132,0.7588897845249788,3.2094090356817877,0.5796157132237132,,0.0382083158456799,0.3730940198571916,0.0123380354824052,,,,,0.0,0.0622222222222222,0.5688888888888889,
full,european,put,0.0,bs_iv_net,dl,3000,1,9.01899510000112,0.0003382225121608,0.0005391807466171,0.0018210039147703,0.0003382225121608,,0.0008115574596073,0.0048572540348922,0.0002827297421559,,,,,0.0,0.0,0.0,
noisy,european,put,0.005,pinn_n1,pinn,0,0,113.65685899999971,0.2211093874260503,0.2732747372489878,0.6536658065938838,0.2211093874260503,,0.018023717479421,0.204502847528437,0.0063117155328353,,,,,0.1288888888888889,0.0355555555555555,0.0177777777777777,
noisy,european,put,0.005,pinn_n0,pinn,0,0,113.15725350000048,1.17988419687458,1.4684077542986491,4.826760432719668,1.17988419687458,,0.0691729072723229,0.6603770411168142,0.0414734443405882,,,,,0.4444444444444444,0.2666666666666666,0.08,
noisy,european,put,0.005,poly_ridge,ml,50,0,0.0012753999999404,0.7209884484199344,1.0282073165416956,4.798877060021967,0.7209884484199344,,0.0416650934779015,0.4262484599603197,0.1136334876076314,,,,,0.2666666666666666,0.2088888888888889,0.4,
noisy,european,put,0.005,kernel_ridge,ml,50,0,0.0963086000010662,0.6323339654021484,0.8480881707140773,3.594331627278313,0.6323339654021484,,0.0480262535398,0.4731257713441379,0.0289510642332156,,,,,0.2222222222222222,0.2355555555555555,0.5244444444444445,
noisy,european,put,0.005,random_forest,ml,50,0,0.3199822999995376,0.8965444449997939,1.3760312213446595,4.916412926415342,0.8965444449997939,,0.0980546112782502,11.744080016948502,0.2533067099432656,,,,,0.4755555555555555,0.04,0.4,
noisy,european,put,0.005,grad_boosting,ml,50,0,0.3090977000010753,0.8869470781359036,1.299670235412567,4.972215563728843,0.8869470781359036,,0.1977389954672923,19.44006662817688,0.4809676111049416,,,,,0.4844444444444444,0.24,0.4355555555555555,
noisy,european,put,0.005,mlp_tanh,dl,50,0,3.469131199999538,0.6526460461940778,0.8518054915413948,3.751590020894113,0.6526460461940778,,0.0475111927010629,0.4486064300148693,0.0154355148711333,,,,,0.0177777777777777,0.1822222222222222,0.6088888888888889,
noisy,european,put,0.005,mlp_relu,dl,50,0,3.493853999998464,0.3787543080412314,0.5839505990462652,2.650819266027926,0.3787543080412314,,0.0322805812721743,0.7794903668028209,0.052597562035721,,,,,0.1777777777777777,0.0133333333333333,0.3466666666666667,
noisy,european,put,0.005,resnet_silu,dl,50,0,5.372002100000827,0.3117392678876867,0.4723170273995441,2.568092115162912,0.3117392678876867,,0.0261353466790542,0.2783843127695131,0.0116662147644842,,,,,0.0755555555555555,0.08,0.4622222222222222,
noisy,european,put,0.005,fourier_mlp,dl,50,0,3.222599499998978,8.244588321281054,11.538138805676772,41.48075928437535,8.244588321281054,,1.029545549913607,34.71295472069792,2.0948666699723693,,,,,0.4577777777777778,0.6933333333333334,0.5111111111111111,
noisy,european,put,0.005,picnn,dl,50,0,10.86709090000113,1.4331984242937628,1.7182714019438297,4.399111784934107,1.4331984242937628,,0.0771484856708048,0.6731484597477309,0.0732891869198804,,,,,0.0,0.0711111111111111,0.6088888888888889,
noisy,european,put,0.005,bs_iv_net,dl,50,0,4.300611900000149,0.1035266402516994,0.166563190208878,0.4888005674669515,0.1035266402516994,,0.0067151273259204,0.0656191250031961,0.0040316843491499,,,,,0.0,0.0,0.0,
noisy,european,put,0.005,poly_ridge,ml,200,0,0.0014565999990736,0.4138909262493229,0.5853224421101094,2.49647988960608,0.4138909262493229,,0.0409704285727746,0.436872930820024,0.0301160751445628,,,,,0.2266666666666666,0.2133333333333333,0.4088888888888889,
noisy,european,put,0.005,kernel_ridge,ml,200,0,0.1427992000008089,0.2864538181406499,0.3980166904850412,1.7706716583656856,0.2864538181406499,,0.0291772181790305,0.3440597155873828,0.026534642989504,,,,,0.1733333333333333,0.1466666666666666,0.4088888888888889,
noisy,european,put,0.005,random_forest,ml,200,0,0.3098215999998501,0.3529573070046192,0.4894100038881882,1.7208401170128875,0.3529573070046192,,0.089495186299041,5.279028858394605,0.1376577668530138,,,,,0.5022222222222222,0.2044444444444444,0.3377777777777778,
noisy,european,put,0.005,grad_boosting,ml,200,0,0.3129602999997587,0.6286606078603345,1.0171691617149647,5.677792565630879,0.6286606078603345,,0.1439557635716857,11.35068720478188,0.2792073339991044,,,,,0.4222222222222222,0.2533333333333333,0.4088888888888889,
noisy,european,put,0.005,mlp_tanh,dl,200,0,3.8863846999993257,0.3074036976303537,0.4323929211725159,2.0494668855658205,0.3074036976303537,,0.0291173667076327,0.3005589169587313,0.0077360117659042,,,,,0.0844444444444444,0.1422222222222222,0.44,
noisy,european,put,0.005,mlp_relu,dl,200,0,3.857966600000509,0.2609079364969611,0.345064296268968,1.2033029832950293,0.2609079364969611,,0.0266267546380257,0.7607147659056407,0.0334878116746871,,,,,0.1288888888888889,0.08,0.4666666666666667,
noisy,european,put,0.005,resnet_silu,dl,200,0,6.41219590000037,0.2002014997432203,0.2648817228031562,1.288795389174524,0.2002014997432203,,0.0152111359253614,0.1736209153418243,0.0092843264954448,,,,,0.08,0.0844444444444444,0.4488888888888889,
noisy,european,put,0.005,fourier_mlp,dl,200,0,3.903369400000884,4.398130431899813,6.731322762007403,25.442790358443222,4.398130431899813,,0.6235912804600996,22.055404020921635,1.4812764539466965,,,,,0.4533333333333333,0.5244444444444445,0.4088888888888889,
noisy,european,put,0.005,picnn,dl,200,0,12.146212200001171,0.7950294990929733,1.0007057210384274,3.4699290170660646,0.7950294990929733,,0.0491284372765166,0.4738730235217897,0.0355975129936169,,,,,0.0,0.0711111111111111,0.6088888888888889,
noisy,european,put,0.005,bs_iv_net,dl,200,0,4.546520100000635,0.0692764642274405,0.1392371076040606,0.7712036705391223,0.0692764642274405,,0.0077436541674877,0.1123142435963717,0.0073125330597487,,,,,0.0,0.0,0.0,
noisy,european,put,0.005,poly_ridge,ml,1000,0,0.0015901999995548,0.3742648751746154,0.5318082296167891,2.513512404055157,0.3742648751746154,,0.0410514552799373,0.4411267891509098,0.0098270755642078,,,,,0.2444444444444444,0.2088888888888889,0.2933333333333333,
noisy,european,put,0.005,kernel_ridge,ml,1000,0,1.5052691000000775,0.1218121730444963,0.1753848161120284,1.0960374174850074,0.1218121730444963,,0.0151477693228101,0.220738189899179,0.0107450730854972,,,,,0.1288888888888889,0.0533333333333333,0.2222222222222222,
noisy,european,put,0.005,random_forest,ml,1000,0,0.3303538000000117,0.2512344036828364,0.3509928548864476,1.4311511120343567,0.2512344036828364,,0.043787423478751,6.046480260288698,0.1624801290469454,,,,,0.4977777777777777,0.1377777777777777,0.24,
noisy,european,put,0.005,grad_boosting,ml,1000,0,1.0317408999999316,0.3379056274084147,0.464982143428292,2.1271069292640665,0.3379056274084147,,0.0656065579506103,5.907437593814318,0.1702678270885753,,,,,0.4088888888888889,0.1911111111111111,0.3733333333333333,
noisy,european,put,0.005,mlp_tanh,dl,1000,0,5.267456700001276,0.2111660848649211,0.3448030262441371,1.9834465458384187,0.2111660848649211,,0.0231256658011397,0.2617174307829057,0.0070621724542432,,,,,0.1422222222222222,0.1244444444444444,0.2222222222222222,
noisy,european,put,0.005,mlp_relu,dl,1000,0,5.0895488999995,0.0944208604883844,0.1246203677854847,0.4303384693426726,0.0944208604883844,,0.014140060658115,0.6948931809625174,0.0266863330364737,,,,,0.1644444444444444,0.0133333333333333,0.0977777777777777,
noisy,european,put,0.005,resnet_silu,dl,1000,0,10.026870100000451,0.1023324805381501,0.1504211712598519,0.9854636266222628,0.1023324805381501,,0.0091189105044369,0.1145910758633681,0.007407940114868,,,,,0.0577777777777777,0.0133333333333333,0.1466666666666666,
noisy,european,put,0.005,fourier_mlp,dl,1000,0,6.145349399999759,0.7723163208500989,1.1006008528557876,4.854890356978042,0.7723163208500989,,0.1785442158302336,8.972927350302166,0.4626425670424653,,,,,0.4755555555555555,0.32,0.3511111111111111,
noisy,european,put,0.005,picnn,dl,1000,0,15.909933699998874,0.6700670781822596,0.8204834077835068,3.0564456357947023,0.6700670781822596,,0.042303510374423,0.4101107403557936,0.0201981042351052,,,,,0.0,0.0666666666666666,0.5911111111111111,
noisy,european,put,0.005,bs_iv_net,dl,1000,0,5.824651299999459,0.0299214242572385,0.0540297382173305,0.1667687645003357,0.0299214242572385,,0.0030565353188537,0.032731092968278,0.0032244298191382,,,,,0.0,0.0,0.0,
noisy,european,put,0.005,poly_ridge,ml,3000,0,0.0024401000009675,0.3825376672283812,0.524644768392951,2.1466031052220447,0.3825376672283812,,0.0410716498634986,0.4424411265809171,0.0069926066162744,,,,,0.2622222222222222,0.2266666666666666,0.3111111111111111,
noisy,european,put,0.005,kernel_ridge,ml,3000,0,13.262522099999842,0.0587986060300689,0.0754998825262343,0.2741636502547662,0.0587986060300689,,0.0076738449841638,0.1360077513206441,0.0104924531283775,,,,,0.1333333333333333,0.0088888888888888,0.1111111111111111,
noisy,european,put,0.005,random_forest,ml,3000,0,0.3266272999990178,0.2259138148719381,0.2888004601250053,0.8739777794859294,0.2259138148719381,,0.043389554421341,4.788359126342033,0.1635103890459164,,,,,0.4666666666666667,0.1688888888888889,0.2533333333333333,
noisy,european,put,0.005,grad_boosting,ml,3000,0,1.063352600000144,0.1951942532876979,0.2902780835234598,0.9851752832110984,0.1951942532876979,,0.0378193503090917,4.382349885181177,0.1367994425176458,,,,,0.4,0.1422222222222222,0.2577777777777778,
noisy,european,put,0.005,mlp_tanh,dl,3000,0,8.756787099999201,0.1925203296751938,0.2999903089728065,1.5282510890951784,0.1925203296751938,,0.0207332725356855,0.2477077341541805,0.0071559648640519,,,,,0.16,0.1377777777777777,0.1866666666666666,
noisy,european,put,0.005,mlp_relu,dl,3000,0,8.016886699999304,0.068851547964975,0.0921988922955763,0.3234500170002707,0.068851547964975,,0.0124681401005281,0.7021676439398035,0.0241282242354078,,,,,0.1866666666666666,0.0133333333333333,0.1155555555555555,
noisy,european,put,0.005,resnet_silu,dl,3000,0,16.052607499999795,0.0907934291166673,0.1342911928672072,0.83927652978808,0.0907934291166673,,0.0090811217867566,0.1203775369599756,0.0062891093230307,,,,,0.0888888888888888,0.0222222222222222,0.1244444444444444,
noisy,european,put,0.005,fourier_mlp,dl,3000,0,9.9558892999994,0.3231513531523847,0.4383365924365239,1.4672838942207056,0.3231513531523847,,0.0792884881869395,4.791017021925793,0.2200183202126491,,,,,0.44,0.2488888888888888,0.2177777777777777,
noisy,european,put,0.005,picnn,dl,3000,0,23.42686760000106,0.6427328844217886,0.775403480778272,2.731908775805536,0.6427328844217886,,0.0409202069342563,0.3992163449349161,0.016789925076463,,,,,0.0,0.0577777777777777,0.5866666666666667,
noisy,european,put,0.005,bs_iv_net,dl,3000,0,8.86429379999936,0.0096137849692392,0.0153892470546233,0.0442117298268707,0.0096137849692392,,0.0012407608863492,0.0116437112086284,0.0011394084635504,,,,,0.0,0.0,0.0,
noisy,european,put,0.005,poly_ridge,ml,50,1,0.0012531000011222,0.4526901009375293,0.6205328021457404,2.222204365017677,0.4526901009375293,,0.0416204950418774,0.4878245698224732,0.0309942707696633,,,,,0.2711111111111111,0.08,0.3866666666666666,
noisy,european,put,0.005,kernel_ridge,ml,50,1,0.0950209999991784,0.5671813773299944,0.7722722066418745,2.178011340888612,0.5671813773299944,,0.0388808439260289,0.4358929995285023,0.0442920991261703,,,,,0.2222222222222222,0.1555555555555555,0.4311111111111111,
noisy,european,put,0.005,random_forest,ml,50,1,0.3092397999989771,1.1236356017024578,1.7702751145029731,6.253478870512607,1.1236356017024578,,0.195388764340289,12.044999266363249,0.2947112899680836,,,,,0.5155555555555555,0.1733333333333333,0.3422222222222222,
noisy,european,put,0.005,grad_boosting,ml,50,1,0.3243547999991278,1.854847459457984,3.0570717788309456,16.173352868102715,1.854847459457984,,0.274286713050931,21.24956266583132,0.5892390943292636,,,,,0.3288888888888889,0.1822222222222222,0.4177777777777778,
noisy,european,put,0.005,mlp_tanh,dl,50,1,3.53717719999986,0.4513110192970822,0.7002491019236615,3.5754441394797,0.4513110192970822,,0.0377774785924162,0.4159803420344172,0.0166869027646606,,,,,0.08,0.1066666666666666,0.4711111111111111,
noisy,european,put,0.005,mlp_relu,dl,50,1,3.5237948000012693,0.3917638704332095,0.5512013589100997,2.1257979229680317,0.3917638704332095,,0.0339265851620822,0.7706029059900132,0.0328883016391341,,,,,0.0844444444444444,0.0977777777777777,0.4133333333333333,
noisy,european,put,0.005,resnet_silu,dl,50,1,5.3992443999995885,0.7369204145814694,1.1893958946795202,5.707012034892145,0.7369204145814694,,0.0516879967052939,0.4755215411433899,0.0347709302091673,,,,,0.0,0.0755555555555555,0.4888888888888889,
noisy,european,put,0.005,fourier_mlp,dl,50,1,3.264292600000772,7.8285835329464915,10.454780825010552,32.96701991193136,7.8285835329464915,,1.1979332643817422,37.14492886626247,2.1172694653020927,,,,,0.4755555555555555,0.68,0.48,
noisy,european,put,0.005,picnn,dl,50,1,11.057771899999352,1.14331192026512,1.6769243679579675,7.52323261642367,1.14331192026512,,0.0712510641943497,0.6260947164215969,0.0671188489302881,,,,,0.0,0.0711111111111111,0.52,
noisy,european,put,0.005,bs_iv_net,dl,50,1,4.342946499999016,0.105317949934155,0.1848215417709788,0.6039422191366661,0.105317949934155,,0.0093258639969957,0.127085578502262,0.0200389465908552,,,,,0.0,0.0,0.0,
noisy,european,put,0.005,poly_ridge,ml,200,1,0.0013418999988061,0.3535316675003004,0.5024180971176151,2.240147667942527,0.3535316675003004,,0.0397296073329439,0.4330436111515306,0.0263873529257016,,,,,0.2666666666666666,0.2044444444444444,0.2444444444444444,
noisy,european,put,0.005,kernel_ridge,ml,200,1,0.1424189000008482,0.261035636207701,0.3357801489191364,1.4161088546499667,0.261035636207701,,0.0236600733557598,0.2899429513376768,0.0290238455120622,,,,,0.1333333333333333,0.1333333333333333,0.3466666666666667,
noisy,european,put,0.005,random_forest,ml,200,1,0.3033754999996745,0.3705649106557191,0.5716125018146389,2.5756243683674462,0.3705649106557191,,0.073247443603339,8.379756177789897,0.2364659465903409,,,,,0.6355555555555555,0.1822222222222222,0.2177777777777777,
noisy,european,put,0.005,grad_boosting,ml,200,1,0.3024303000001964,1.242362346349518,2.7853838563541937,13.87285403609406,1.242362346349518,,0.1550197999137609,13.12757948629713,0.5806599806079935,,,,,0.5822222222222222,0.1333333333333333,0.3688888888888889,
noisy,european,put,0.005,mlp_tanh,dl,200,1,3.894245800000135,0.2382412846610431,0.3587028222488599,1.5360928251734407,0.2382412846610431,,0.0249527529488984,0.2795809277122701,0.0075255202922408,,,,,0.1022222222222222,0.12,0.2711111111111111,
noisy,european,put,0.005,mlp_relu,dl,200,1,3.788769200000388,0.1973698492799213,0.2503691484848444,0.6985022063931812,0.1973698492799213,,0.0290698859021766,1.0078633078484716,0.0367357330380544,,,,,0.2044444444444444,0.0933333333333333,0.2711111111111111,
noisy,european,put,0.005,resnet_silu,dl,200,1,6.301332499999262,0.1381119116789367,0.184965338953793,0.8954296931019456,0.1381119116789367,,0.0133559808490586,0.1505374378031398,0.0078669296448138,,,,,0.0266666666666666,0.0488888888888888,0.2622222222222222,
noisy,european,put,0.005,fourier_mlp,dl,200,1,3.8417061000000094,3.077317956490925,4.672084891994301,21.331831767694943,3.077317956490925,,0.4591782423042562,14.768306190835796,1.122328925861531,,,,,0.4666666666666667,0.48,0.48,
noisy,european,put,0.005,picnn,dl,200,1,12.019489000000249,0.641393232994658,0.8007586720821032,3.0474453344336183,0.641393232994658,,0.0426714440192293,0.4171128971569112,0.0151942567932475,,,,,0.0,0.1022222222222222,0.6,
noisy,european,put,0.005,bs_iv_net,dl,200,1,4.658272599999691,0.075136828942094,0.1210922074148429,0.3921948405618131,0.075136828942094,,0.0065205330233426,0.090195794324816,0.007986843003833,,,,,0.0,0.0,0.0,
noisy,european,put,0.005,poly_ridge,ml,1000,1,0.0016030999995564,0.3648700223673838,0.5043257131507881,2.0189392685714846,0.3648700223673838,,0.0398845181731288,0.4369600891016543,0.0060856088133934,,,,,0.2666666666666666,0.2222222222222222,0.28,
noisy,european,put,0.005,kernel_ridge,ml,1000,1,1.4789455000009184,0.0916670291677459,0.1232801794425349,0.4828285312409974,0.0916670291677459,,0.0105321280731445,0.1723175951912108,0.0098049773622862,,,,,0.1822222222222222,0.0266666666666666,0.1688888888888889,
noisy,european,put,0.005,random_forest,ml,1000,1,0.324892099999488,0.2738423721253338,0.3739338885295027,1.3964687256002666,0.2738423721253338,,0.0488167478179622,5.775644838186448,0.1747602960869407,,,,,0.5422222222222223,0.1555555555555555,0.1955555555555555,
noisy,european,put,0.005,grad_boosting,ml,1000,1,1.0313162000002194,0.2918448519181363,0.4131830051364326,1.699663594291989,0.2918448519181363,,0.0556655322965781,6.0592488842705015,0.190493033937895,,,,,0.4711111111111111,0.2488888888888888,0.2533333333333333,
noisy,european,put,0.005,mlp_tanh,dl,1000,1,5.399604199999885,0.2340851005799944,0.3501010941198796,1.5801097377529771,0.2340851005799944,,0.0239233480739587,0.2670148406906267,0.0075739972577738,,,,,0.1511111111111111,0.1511111111111111,0.2266666666666666,
noisy,european,put,0.005,mlp_relu,dl,1000,1,5.120157199999085,0.0882470378444294,0.1293283147381135,0.4612681162796284,0.0882470378444294,,0.0128750738831746,0.6288992064849628,0.0192796442508646,,,,,0.1333333333333333,0.0266666666666666,0.2622222222222222,
noisy,european,put,0.005,resnet_silu,dl,1000,1,10.063916099999917,0.095971110425151,0.1230083620822348,0.4691702424874933,0.095971110425151,,0.0102737624000161,0.1422225946370292,0.0075415354347002,,,,,0.0311111111111111,0.0044444444444444,0.1733333333333333,
noisy,european,put,0.005,fourier_mlp,dl,1000,1,6.067893000001277,0.71974410930832,1.16688618656928,10.62794570280885,0.71974410930832,,0.1613645466012939,8.749314230359307,0.4365090749662264,,,,,0.4888888888888889,0.3244444444444444,0.32,
noisy,european,put,0.005,picnn,dl,1000,1,16.031955200000084,0.638872544010438,0.7929077703312075,2.8502672090521486,0.638872544010438,,0.0404541649476795,0.3933171666803606,0.017507137071904,,,,,0.0,0.0844444444444444,0.5911111111111111,
noisy,european,put,0.005,bs_iv_net,dl,1000,1,5.824897399999827,0.020480394402558,0.0331324419682994,0.0835691983937403,0.020480394402558,,0.0018229729035395,0.014911475906111,0.0009492082883323,,,,,0.0,0.0,0.0,
noisy,european,put,0.005,poly_ridge,ml,3000,1,0.0027625000002444,0.3630880895788472,0.5058180313693319,2.165513661137275,0.3630880895788472,,0.0400149754351861,0.4378283837656744,0.0060813634272798,,,,,0.2622222222222222,0.2222222222222222,0.2977777777777777,
noisy,european,put,0.005,kernel_ridge,ml,3000,1,13.272780000001148,0.0800166633165626,0.0993154493197481,0.2389957708334825,0.0800166633165626,,0.0102593702937499,0.1909512745214323,0.0123068258067205,,,,,0.1866666666666666,0.0266666666666666,0.2088888888888889,
noisy,european,put,0.005,random_forest,ml,3000,1,0.3282089000003907,0.2217699253828953,0.2720438542067833,0.7520363648768889,0.2217699253828953,,0.0410261827192405,5.29532280942142,0.1694223746862369,,,,,0.5866666666666667,0.1688888888888889,0.2133333333333333,
noisy,european,put,0.005,grad_boosting,ml,3000,1,1.06858739999916,0.207333659867437,0.2774804814990669,1.039863789924722,0.207333659867437,,0.0348313791823217,3.461764428705484,0.1183384875934487,,,,,0.5733333333333334,0.1377777777777777,0.2977777777777777,
noisy,european,put,0.005,mlp_tanh,dl,3000,1,8.68726389999938,0.2489443332367881,0.3713135428861422,1.8346495106211336,0.2489443332367881,,0.026769039004697,0.2946128711452688,0.0074605926822766,,,,,0.1511111111111111,0.1555555555555555,0.24,
noisy,european,put,0.005,mlp_relu,dl,3000,1,7.92338380000001,0.0609993848007973,0.081453511301221,0.2723644706053796,0.0609993848007973,,0.0104482756992204,0.5106431056015545,0.0160912280020876,,,,,0.1377777777777777,0.0355555555555555,0.0977777777777777,
noisy,european,put,0.005,resnet_silu,dl,3000,1,15.111481699999786,0.0941287822981927,0.1366284423534674,0.8353813662520082,0.0941287822981927,,0.0097310772401491,0.1358457451885228,0.0073822618268849,,,,,0.0488888888888888,0.0177777777777777,0.1733333333333333,
noisy,european,put,0.005,fourier_mlp,dl,3000,1,9.920017700000244,0.268744124286538,0.34870727763428,1.0775867211379742,0.268744124286538,,0.0613106004169241,4.305716270742517,0.2269916206588626,,,,,0.4577777777777778,0.2622222222222222,0.28,
noisy,european,put,0.005,picnn,dl,3000,1,23.541144999999236,0.6333352459921768,0.7979690645690876,3.1529246940603883,0.6333352459921768,,0.0389081632768272,0.3796752180399225,0.0167613684743773,,,,,0.0,0.0622222222222222,0.5911111111111111,
noisy,european,put,0.005,bs_iv_net,dl,3000,1,9.060521299999891,0.0072169664863498,0.0109136870241006,0.0329106711967175,0.0072169664863498,,0.0009644273150777,0.0074925462967713,0.0004710023102198,,,,,0.0,0.0,0.0,
